skill_id,card_type,position,name,description
S_001,NORMAL,BATTER,좌투선호,"좌투수 상대할 때 파워, 정확 능력치가 x 증가합니다"
S_002,NORMAL,BATTER,우투선호,"우투수 상대할 때 파워, 정확 능력치가 x 증가합니다"
S_003,NORMAL,BATTER,타점기계,"주자가 2루 이상일 때 파워, 정확 능력치가 x+1 증가합니다"
S_004,NORMAL,BATTER,타선연결,직전 타자가 출루 성공 시 모든 능력치가 x 증가합니다
S_005,NORMAL,BATTER,선구안,볼일 때 체크스윙할 확률이 3*x% 증가합니다
S_006,NORMAL,PITCHER,좌타 스페셜리스트,"상대가 좌타자인 경우 타자의 파워, 정확 능력치가 x 감소합니다"
S_007,NORMAL,PITCHER,우타 스페셜리스트,"상대가 우타자인 경우 타자의 파워, 정확 능력치가 x 감소합니다"
S_008,NORMAL,PITCHER,위기관리,"주자가 2루 이상 있을 때 타자의 파워, 정확 능력치가 x+1 감소합니다"
S_009,NORMAL,PITCHER,완급조절,"상대 3, 4, 5 타순 상대 시 구속, 구위, 변화, 제구 능력치가 x 증가합니다"
B_001,NORMAL,BATTER,초구공략,초구 상황에서 모든 능력치가 x 증가합니다
B_002,NORMAL,BATTER,인내심,"지고 있을 때 파워, 정확, 선구 능력치가 x 증가합니다"
B_003,NORMAL,BATTER,승부근성,"이기고 있을 때 파워, 정확, 선구 능력치가 x 증가합니다"
B_004,NORMAL,BATTER,테이블 세터,"주자가 없을 때 정확, 선구, 인내 능력치가 x 증가합니다"
B_005,NORMAL,BATTER,스윗스팟,좋은 타격 타이밍일 때 파워 능력치가 y 증가합니다
B_006,NORMAL,PITCHER,평정심,"구위 능력치가 x, 제구 능력치가 y 증가합니다"
B_007,NORMAL,PITCHER,이닝이터,지구력 능력치가 x 증가합니다
B_008,NORMAL,PITCHER,기선제압,"등판 후 상대하는 첫 타자의 파워, 정확, 인내, 선구 능력치가 x 감소합니다."
B_009,NORMAL,PITCHER,라스트 카운트,2아웃일 때 상대 타자의 파워 능력치가 x+1 감소합니다
B_010,NORMAL,PITCHER,자신감,"직전 타자를 삼진 아웃 시켰을 시 구속, 변화 능력치가 x+1 증가합니다"
I_001,NORMAL,BATTER,밀어치기,밀어치기 시 파워 능력치가 x+1 증가합니다
I_002,NORMAL,BATTER,당겨치기,밀어치기 시 파워 능력치가 x+1 증가합니다
I_003,NORMAL,BATTER,직구 스페셜리스트,"직구 상대 시 정확 능력치가 x, 인내 능력치가 y 증가합니다"
I_004,NORMAL,BATTER,풀카운트,풀카운트 시 모든 능력치가 x 증가합니다.
I_005,NORMAL,BATTER,변화구 스페셜리스트,"변화구 상대 시 정확 능력치가 x, 인내 능력치가 y 증가합니다"
I_006,NORMAL,BATTER,번트전문,번트 성공 시 5*(x+2)% 확률로 아주 좋은 타구가 발생합니다
I_007,NORMAL,PITCHER,속구 선호,"속구 선택 시 구속 능력치가 x, 구위 능력치가  증가합니다"
I_008,NORMAL,PITCHER,변화구 선호,"변화구 선택 시 변화 능력치가 x, 제구 능력치가  증가합니다"
I_009,NORMAL,PITCHER,풀카운트,"풀카운트에서 구속, 구위, 변화, 제구 능력치가 x 증가합니다"
I_010,NORMAL,PITCHER,사고방지,볼이 한가운데로 몰리는 실투가 발생할 확률이 0.5*x% 감소합니다
G_001,NORMAL,BATTER,배팅머신,"파워, 정확, 선구 능력치가 {x+1} 증가합니다."
G_002,NORMAL,BATTER,어퍼스윙,낮은 볼 타격 시 파워 능력치가 {x} 증가하고 타구 발사각을 장타쪽으로 {x+2}도 보정합니다.
G_003,NORMAL,BATTER,하이볼 히터,높은 볼 타격 시 파워 능력치가 {y} 증가합니다.
G_004,NORMAL,BATTER,클러치 히터,주자가 있을 때 파워 능력치가 {x} 증가합니다. 주자가 더해질수록 추가로 {x}씩 더 증가합니다
G_005,NORMAL,BATTER,노림수,정확 및 인내 능력치가 {x+3} 증가합니다
G_006,NORMAL,BATTER,클린업 트리오,"평균 발사각이 3 증가합니다. 3, 4, 5 타선에 배치시 추가로 파워 정확 능력치가 {x} 증가합니다"
G_007,NORMAL,BATTER,패기,"상대 투수의 OVR이 더 높은 경우 파워, 정확, 선구, 인내 능력치가 {x+2} 증가합니다"
G_008,NORMAL,BATTER,빠른 발,주루 능력치가 {x+2} 증가합니다. 도루 시도 시 추가로 주루 능력치가 {x+2} 증가합니다
G_009,NORMAL,BATTER,홈 어드밴티지,"파워, 정확, 인내 능력치가 {x} 증가합니다. 홈 경기인 경우 추가로 파워, 정확, 인내 능력치가 1 증가합니다."
G_010,NORMAL,BATTER,리드오프,"선구, 주루 능력치가 {x+2} 증가합니다, 상위타선(1, 2번)에 배치되는 경우 추가로 정확, 인내 능력치가 {y} 증가합니다"
G_011,NORMAL,BATTER,대타 스페셜,"상대 투수의 변화, 제구 능력치가 {x} 감소합니다. 대타 첫 타석에서 파워, 정확, 선구 능력치가 {x+4}증가합니다."
G_012,NORMAL,BATTER,리그의 강자,"주루 , 수비 능력치가 {x} 증가합니다. 리그모드인 경우 파워, 선구, 인내, 주루 능력치가 {y} 증가합니다."
G_013,NORMAL,BATTER,승부사,"파워, 인내 능력치가 {x} 증가합니다. 주자가 있을 때, 주자 1명당 정확, 선구 3 증가합니다."
G_014,NORMAL,BATTER,하위타선,"정확 , 주루 능력치가 {x+1} 증가합니다. 6/7/8/9 번 타순 배치 시 상대 투수의 구위, 제구 능력치가 {x} 감소합니다"
G_015,NORMAL,BATTER,도전정신,모든 능력치가 {x} 증가합니다. 나보다 높은 등급의 상대를 만났을 경우 상대 모든 능력치가 1 감소합니다.
G_016,NORMAL,BATTER,순위경쟁,"파워, 정확, 인내 능력치가 {x} 증가합니다. 랭킹 대전, 랭킹 토너먼트, 라이브 매치, 타점 배틀, 랭킹 슬러거에서 파워, 인내, 수비가 추가로 1 증가합니다."
G_017,NORMAL,BATTER,중심타선,"인내, 주루, 수비 능력치가 {x+1}증가합니다. 클린업(3, 4, 5번)으로 배치시, 상대투수의 구위, 변화, 제구가 {x+1}감소합니다."
G_018,NORMAL,BATTER,후반 집중력,"인내, 주루, 수비 능력치가 {x+1}증가합니다. 7회 이후(연장 포함), 상대투수의 구위, 변화, 제구가 {x+1}감소합니다."
G_019,NORMAL,BATTER,수비 스페셜리스트,"수비, 주루 능력치가 {y+1} 증가합니다. 1, 2, 6, 7, 8, 9 타순으로 출전 시 정확, 선구, 인내 능력치가 {y} 증가합니다."
G_020,NORMAL,BATTER,도전자,"정확, 주루 능력치가 {x}증가합니다. 랭킹 대전, 랭킹 토너먼트, 라이브 매치에서, 파워, 선구 능력치가 {x+1} 증가합니다."
G_021,NORMAL,BATTER,로드 워리어,"파워, 정확, 인내 능력치가 {x} 증가합니다. 원정 경기인 경우 상대 투수의 구위 변화 구속 능력치가 y 감소합니다"
G_022,NORMAL,BATTER,승리의 함성,"정확 인내 능력치가 x 증가합니다. 이기고 있을 때, 추가로 파워, 선구, 능력치가 x+2증가합니다."
G_023,NORMAL,BATTER,5툴 플레이어,"주루, 수비 능력치가 y증가합니다. 주루+수비 능력치의 z%만큼 파워, 정확이 증가합니다"
G_024,NORMAL,BATTER,베스트 플레이어,파워 정확 선구 인내 능력치가 y 증가합니다. 주루 수비 능력치가 z 증가합니다.
G_025,NORMAL,BATTER,컨택트 히터,"상대 투수의 구위 변화 제구 능력치를 y감소시킵니다. 1, 2번 타순에 배치시 평균 발사각이 3도 감소하고 추가로 정확 선구 주루 능력치가 z 증가합니다"
G_026,NORMAL,BATTER,히어로,파워 정확 선구 인내 능력치가 y 증가합니다. 상대팀 ovr이 내 팀 ovr보다 높을 시 파워 정확 선구 인내 능력치가 추가로 x 증가합니다.
G_027,NORMAL,C,포수 리드,"정확 인내 능력치가 x 증가합니다. 포수 배치 시, 등판 중인 팀 투수의 구속 능력치가 y 변화 능력치가 z 제구 능력치가 a 구위 능력치가 b 증가합니다"
G_028,NORMAL,BATTER,집중력,"파워 정확 인내 능력치가 y 증가합니다. 상대 투수의 구위 능력치가 파워 능력치보다 높은경우 정확 능력치가 x+3 증가하고, 파워가 4 감소합니다"
G_029,NORMAL,BATTER,호타준족,상대 투수의 구위 능력치를 y 감소시킵니다. 정확+주루 능력치의 z%만큼 파워 정확 능력치가 증가합니다.
G_030,NORMAL,BATTER,투 스트라이크 히터,모든 능력치가 y 증가합니다. 1스트라이크 이후 파워 선구 능력치가 z 증가합니다. 2 스트라이크 이후 정확 능력치가 a 증가합니다
G_031,NORMAL,BATTER,어그레시브 히터,"상대 투수의 구위 능력치를 x+1감소시킵니다. 볼 카운트 0-0, 0-1, 1-0 상황에서 파워 정확 능력치가 y 증가합니다."
G_032,NORMAL,BATTER,컴백 히터,"파워, 정확 인내 능력치가 y 증가합니다. 6회 이후(연장 포함) 동점이거나 지고 있을때, 상대 투수의 구위 능력치를 x+1 감소시킵니다"
G_033,NORMAL,BATTER,빌드업,"상대 투수의 변화 능력치를 y 감소시킵니다. 타석에 들어설 때마다 파워 정확 선구 능력치가 z 증가합니다.(최대 10까지만, 7타석까지만 적용)"
G_034,NORMAL,BATTER,오버페이스,"상대 투수의 구위 능력치를 x 감소시킵니다. 첫 타석에 파워, 정확 능력치가 8 증가하며, 이후 타석마다 2씩 감소합니다.(4~7번째 타석은 파워, 정확, 능력치가 2 증가합니다)"
G_035,NORMAL,BATTER,컨택 스페셜리스트,상대 투수의 변화 제구 구속 능력치를 x+1 감소시킵니다. 평균 발사각이 3도 감소합니다. 정확 능력치가 y 증가하고 파워 능력치가 3 감소합니다.
G_036,NORMAL,BATTER,주도권 장악,"정확 선구 능력치가 x 증가합니다. 상대 투수의 덱 스코어가 더 높은 경우 상대 투수의 구위, 변화 능력치를 y 감소시킵니다"
G_037,NORMAL,BATTER,전방위 압박,상대 투수의 구위 변화 제구 능력치를 y감소시킵니다. 상대 팀의 스페셜 덱 스코어가 더 높은 경우 파워 정확 선구 능력치가 x 증가합니다
G_038,NORMAL,BATTER,결속력,상대 투수의 변화 능력치를 x+1 감소시킵니다. 팀의 스페셜 덱 스코어의 1%만큼 파워 정확 선구 능력치가 증가합니다
G_039,NORMAL,PITCHER,에이스,투수의 모든 능력치가 x 증가합니다.
G_040,NORMAL,PITCHER,언터쳐블,구속 변화 능력치가 x+3 증가합니다
G_041,NORMAL,PITCHER,타선지원,투수 등판 후 공격에서 팀 타자 전체의 파워 주루 능력치가 x 증가합니다
G_042,NORMAL,PITCHER,클러치 피처,"주자당 투수의 변화, 제구 능력치가 x 증가합니다"
G_043,NORMAL,PITCHER,흐름끊기,"등판 후 상대하는 세 타자동안 구속, 변화 구위 제구 능력치가 x+1증가합니다"
G_044,NORMAL,PITCHER,아티스트,제구 및 변화 능력치가 x+3 증가합니다
G_045,NORMAL,PITCHER,패기,상대 타자의 ovr이 더 높은 경우 구위 구속 변화 제구 능력치가 x+2 증가합니다.
G_046,NORMAL,PITCHER,수호신,"8회 이후 등판시 구속, 구위, 변화, 제구 능력치가 x+1 증가합니다."
G_047,NORMAL,PITCHER,홈 어드밴티지,"구위, 변화, 지구력 능력치가 x 증가합니다. 홈 경기인 경우 추가로 구위, 변화, 지구력 능력치가 1 증가합니다"
G_048,NORMAL,SP,첫 단추,"구속, 구위 능력치가 x 증가합니다. 선발로 등판하는 경우 2이닝 동안 상대 타자의 정확, 선구, 인내 능력치가 x+1 감소합니다."
G_049,NORMAL,"RP, CP",원포인트 릴리프,"상대 타자들의 정확, 선구 능력치가 x 감소합니다. 교체 등판 후 첫 타자 상대시 구위, 제구, 변화 능력치가 x+4 증가합니다"
G_050,NORMAL,PITCHER,리그의 강자,"지구력 수비 능력치가 x증가합니다. 리그모드인 경우 구속, 구위, 제구, 지구력 능력치가 y 증가합니다."
G_051,NORMAL,PITCHER,승부사,"구위, 구속 능력치가 x 증가합니다. 주자가 있을 때 주자 1명 당 변화, 제구 3 증가합니다"
G_052,NORMAL,SP. RP,라이징 스타,"변화, 구속 능력치가 x+1 증가합니다. 3,4,5 선발 또는 3,4,5 중계 배치 시 등판 후 4타자 동안 상대 타자의 파워, 인내 능력치가 x 감소합니다."
G_053,NORMAL,PITCHER,도전정신,모든 능력치가 x 증가합니다. 나보다 높은 등급의 상대를 만났을 경우 상대 모든 능력치가 1 감소합니다
G_054,NORMAL,SP,순위경쟁,"구위, 제구, 변화 능력치가 x 증가합니다. 랭킹 대전, 랭킹 토너먼트, 라이브 매치, 타점 배틀에서 구위, 변화, 수비가 추가로 1 증가합니다."
G_055,NORMAL,RP,퀄리티 스타트,"구속, 제구, 수비 능력치가 x+1 증가합니다. 선발로 등판 시, 6회까지 상대 타자 파워, 정확, 선구가 x+1 감소합니다."
G_056,NORMAL,PITCHER,필승조,"구속, 제구, 수비 능력치가 x+1 증가합니다. 중계 투수가 등판 시 세타자 동안 비기거나 리드 상황일 경우, 상대 타자의 파워, 정확, 선구가 x+1 감소합니다."
G_057,NORMAL,PITCHER,하드 트레이닝,"구속 능력치가 x, 변화, 구위, 제구 능력치가 1 증가합니다. 지구력 능력치의 y%만큼 변화, 구위, 제구 능력치가 증가합니다."
G_058,NORMAL,PITCHER,베스트 플레이어,"구위, 변화, 구속, 제구 능력치가 y 증가합니다. 지구력, 수비 능력치가 z 증가합니다."
G_059,NORMAL,PITCHER,전문화,"변화, 구위 능력치가 x+1 증가합니다. 선발 투수라면 지구력, 중계 투수라면 제구, 마무리 투수라면 구속이 x+2 증가합니다."
G_060,NORMAL,PITCHER,히어로,"구위, 구속, 변화, 제구 능력치가 y 증가합니다. 상대 팀 OVR이 내 팀 OVR보다 높을 시 구위, 구속, 변화, 제구 능력치가 추가로 x 증가합니다."
G_061,NORMAL,PITCHER,도전자,"변화, 구속 능력치가 x 증가합니다. 랭킹 대전, 랭킹 토너먼트, 라이브 매치에서 구위, 제구 능력치가 x+1 증가합니다."
G_062,NORMAL,PITCHER,로드 워리어,"구위, 변화, 지구력 능력치가 x 증가합니다. 원정 경기인 경우 상대 타자의 파워, 정확, 주루가 y 감소합니다."
G_063,NORMAL,"RP, CP",더블 스토퍼,"구위, 변화 능력치가 y 증가합니다. 중계, 마무리 투수로 등판 시 상대 타자의 파워, 정확, 선구 능력치가 x+1 감소합니다."
G_064,NORMAL,SP,원투펀치,"구위, 제구 능력치가 y 증가합니다. 1,2선발로 배치 시 추가로 상대 타자의 정확, 인내가 x 감소합니다."
G_065,NORMAL,PITCHER,승리의 함성,"변화, 제구 능력치가 x 증가합니다. 이기고 있을 때 추가로 구위, 구속 능력치가 x+2 증가합니다."
G_066,NORMAL,PITCHER,위닝샷,"구위, 변화 능력치가 y 증가합니다. 2 스트라이크 이후 추가로 구위, 변화, 제구 능력치가 z 증가하고 모든 구종 등급이 1단계 상승합니다."
G_067,NORMAL,PITCHER,집중력,"상대 타자의 파워, 정확 능력치를 y 감소시킵니다. 주자가 1명이라도 있는 경우 구위, 변화 능력치가 x 증가합니다."
G_068,NORMAL,PITCHER,핀포인트 컨트롤,"상대 타자의 파워 능력치를 y 감소시킵니다. 변화+제구 능력치의 z% 만큼 구위, 변화 능력치가 증가합니다"
G_069,NORMAL,SP,유일무이,"상대 타자의 파워, 정확, 선구, 인내 능력치를 y 감소시킵니다. 1선발 배치 시 구위, 변화, 구속, 제구 능력치가 z 증가합니다."
G_070,NORMAL,PITCHER,주도권 장악,"변화, 제구 능력치가 x 증가합니다. 상대 타자의 덱 스코어가 더 높은 경우 상대 타자의 파워, 정확 능력치를 y 감소시킵니다."
G_071,NORMAL,PITCHER,전방위 압박,"상대 타자의 파워, 정확, 선구 능력치를 y 감소시킵니다. 상대 팀의 스페셜 덱 스코어가 더 높은 경우 구위, 변화, 제구 능력치가 x 증가합니다."
G_072,NORMAL,PITCHER,결속력,"상대 타자의 정확 능력치를 x+1 감소시킵니다. 팀의 스페셜 덱 스코어의 1% 만큼 구위, 변화, 제구 능력치가 증가합니다."
G_073,NORMAL,PITCHER,체이스 존,"변화, 제구 능력치가 x+2 증가합니다. 상대 타자의 체크 스윙 확률을 x+2% 감소 시키고 파워, 정확 능력치를 추가로 y 감소시킵니다."
G_074,NORMAL,PITCHER,빌드업,"상대 타자의 정확 능력치를 x 감소시킵니다. 현재 이닝에 따라 구위, 변화 능력치가 증가합니다. 1~3회 2 증가, 4~6회 5 증가, 7~9회 7 증가"
G_075,NORMAL,PITCHER,오버페이스,"상대 타자의 파워 능력치를 x 감소시킵니다. 현재 이닝에 따라 구위, 변화 능력치가 증가합니다. 1~3회 7 증가, 4~6회 5 증가, 7~9회 2 증가"
G_076,NORMAL,PITCHER,손끝의 열기,"상대 타자의 정확, 선구 능력치를 x 감소시킵니다. 직전 타자가 아웃 처리 시 구위, 변화 능력치가 y 증가합니다"
M_001,MOMENT,BATTER,프렌차이즈,"파워, 정확, 선구, 인내 능력치가 5 증가합니다. 홈 경기인 경우 추가로 파워, 정확, 인내 능력치가 1 증가합니다"
M_002,MOMENT,BATTER,돌풍의 주인공,"상대 투수의 구위, 변화, 제구 능력치가 4 감소합니다. 상대 투수의 OVR이 더 높은 경우 모든 능력치가 5 증가합니다"
M_003,MOMENT,BATTER,슬러거,"파워, 정확, 선구 능력치가 5 증가합니다. 좋은 타격 타이밍일 때 파워 능력치가 2 증가합니다"
M_004,MOMENT,BATTER,플레이오프 히어로,"모든 능력치가 3 증가합니다. 랭킹 대전, 랭킹 토너먼트, 라이브 매치에서 파워, 정확, 인내 능력치가 6 증가합니다. 상대 투수의 OVR이 더 높을 경우 상대의 변화, 구위가 4 감소합니다."
M_005,MOMENT,BATTER,시즌드 플레이어,"파워, 정확, 선구, 인내 능력치가 4 증가합니다. 이기고 있을 때 추가로 파워, 정확, 선구, 인내 능력치가 2 증가합니다."
M_006,MOMENT,BATTER,리더십,"상대 투수의 구위, 변화 능력치가 2 감소합니다. 라인업 등록 시 파워, 정확, 인내 능력치가 6 증가하고 모든 타자의 수비 능력치가 1 증가합니다. (해당 스킬은 중복 적용되지 않습니다"
M_007,MOMENT,BATTER,업 더 미들,"상대 투수의 구위, 변화 능력치가 6 감소합니다. C, 2B, SS, CF 배치 시 파워, 정확 능력치가 5 증가하고 주루, 수비 능력치가 10 증가합니다."
M_008,MOMENT,BATTER,핫 스타트,"상대 투수의 모든 능력치가 6 감소합니다. 두 번째 타석까지 파워, 정확, 선구, 인내 능력치가 6 증가합니다."
M_009,MOMENT,BATTER,파워 히터,"파워, 정확, 선구 능력치가 6 증가합니다. 스트라이크 타격 시 파워 능력치가 6 증가합니다"
M_010,MOMENT,BATTER,올어라운드,"모든 능력치가 5 상승합니다. DH 외 배치 시 파워, 정확 능력치가 5 증가하며, 도루 시도 시추가로 주루 능력치가 5 증가합니다."
M_011,MOMENT,BATTER,히트 머신,"상대 투수의 구위, 변화 능력치가 4감소합니다. 1, 2, 6, 7, 8, 9번 타순에 배치 시 모든 능력치가 6 증가합니다"
M_012,MOMENT,BATTER,2025 퍼포머트리오,"모든 능력치가 7 증가합니다. 주자가 있을 때 상대 투수의 구위, 변화를 3 감소시킵니다."
M_013,MOMENT,BATTER,FREE AGENT,"모든 능력치가 5 증가합니다. 홈 경기인 경우 추가로 파워, 정확, 인내 능력치가 5 증가합니다.원정 경기인 경우 상대 투수의 변화, 구위, 지구력이 5 감소합니다."
M_014,MOMENT,BATTER,커맨더,"모든 능력치가 5 증가합니다. 포수로 배치하면 등판 중인 팀 투수의 변화 능력치를 1, 구위능력치를 2 증가시킵니다."
M_015,MOMENT,PITCHER,프랜차이즈,"구위, 변화, 제구, 지구력 능력치가 5 증가합니다. 홈 경기인 경우 추가로 구위, 변화, 지구력 능력치가 1 증가합니다"
M_016,MOMENT,PITCHER,돌풍의 주인공,"상대 타자의 정확, 파워, 인내 능력치가 4 감소합니다. 상대 타자의 OVR이 더 높은 경우 모든 능력치가 5 증가합니다."
M_017,MOMENT,PITCHER,프라이머리 셋업맨,"구위, 변화, 제구 능력치가 5 증가합니다. 중계 투수가 등판 시 비기거나 리드 상황일 경우, 상대 타자의 파워, 정확이 5 감소합니다"
M_018,MOMENT,PITCHER,클로저,"구위, 변화, 구속 능력치가 4 증가합니다. 9회 이후 등판 시 상대 타자의 파워, 정확 능력치가 6 감소합니다."
M_019,MOMENT,PITCHER,프론트라인,"구위, 변화, 수비 능력치가 6 증가합니다. 선발로 등판 시, 7회까지 상대 타자 파워, 정확, 선구가 3 감소합니다."
M_020,MOMENT,PITCHER,플레이오프 히어로,"모든 능력치가 3 증가합니다. 랭킹 대전, 랭킹 토너먼트, 라이브 매치에서 변화, 구위, 제구 능력치가 6 증가합니다. 상대 타자의 OVR이 더 높을 경우 상대의 파워, 정확이 4 감소합니다."
M_021,MOMENT,PITCHER,엘리트,투수의 모든 능력치가 6 증가합니다.
M_022,MOMENT,PITCHER,시즌드 플레이어,"구위, 구속, 변화, 제구 능력치가 4 증가합니다. 이기고 있을 때 추가로 구위, 구속, 변화, 제구 능력치가 2 증가합니다."
M_023,MOMENT,PITCHER,핫 스타트,"상대 타자의 모든 능력치가 6 감소합니다. 등판 후 7타자 동안 구위, 변화, 구속, 제구 능력치가 6 증가합니다."
M_024,MOMENT,PITCHER,스윙맨,"상대 타자의 정확, 파워, 선구 능력치가 4 감소합니다. 비기거나 리드 상황일 경우 구위, 변화, 구속이 5 증가합니다. 지고 있는 상황일 경우 구위, 변화, 제구가 6 증가합니다"
M_025,MOMENT,PITCHER,불펜 에이스,"구속, 구위, 변화가 6 증가합니다. 주자가 있을 때 상대 타자의 파워, 정확, 인내 능력치를 5 감소시킵니다. 상대 타자의 OVR이 더 높은 경우 구위, 이 더 높은 경우 구위, 변화, 제구 능력치가 3 증가합니다."
M_026,MOMENT,PITCHER,2025 퍼포머트리오,"모든 능력치가 7 증가합니다. 투수 등판 후 공격에서 팀 타자 전체의 파워, 정확 능력치가 2 증가합니다."
M_027,MOMENT,PITCHER,락다운,"CP로 배치하면 7회 이후 상대 타자의 파워, 정확, 선구, 인내 능력치를 2 감소시킵니다. 등판 시 상대 타자의 파워, 정확, 선구 능력치를 추가로 7 감소시킵니다. (CP 배치 효과 : 다른 스킬과 중복 가능, 동일 스킬과 중복 불가)"
M_028,MOMENT,PITCHER,FREE AGENT,"모든 능력치가 5 증가합니다. 홈 경기인 경우 추가로 변화, 구위, 지구력 능력치가 5 증가합니다. 원정 경기인 경우 상대 타자의 파워, 정확, 인내가 5 감소합니다."
M_029,MOMENT,PITCHER,스탠드아웃,"구위, 변화, 제구 능력치가 7 증가하고 등판 후 9타자 동안 구위, 변화, 제구 능력치가 추가로 5 증가합니다. 리그 모드, 타점 배틀, 라이브 매치에서 상대 타자의 파워, 정확 능력치를 3 감소시킵니다."
M_030,MOMENT,PITCHER,코어 플레이어,"상대 타자의 파워, 정확, 선구 능력치를 5 감소시킵니다. 상대 팀 OVR이 내 팀 OVR보다 높을 시 구위, 변화, 제구 능력치가 5 증가합니다."
M_031,MOMENT,PITCHER,릴리프 앵커,"구위, 제구, 변화 능력치가 6 증가합니다. 등판 후 상대하는 3 타자동안 변화, 구위 능력치가 8 증가합니다. 비기거나 리드 상황일 경우, 상대 타자의 파워, 정확, 선구 능력치가 9 감소합니다."
M_032,MOMENT,BATTER,스탠드아웃,"파워, 정확, 선구 능력치가 7 증가하고 두 번째 타석까지 파워, 정확, 선구 능력치가 추가로 5 증가합니다. 리그 모드, 타점 배틀, 라이브 매치에서 상대 투수의 구위, 변화 능력치가 3 감소합니다."
M_033,MOMENT,BATTER,코어 플레이어,"상대 투수의 구위, 변화, 제구 능력치를 5 감소시킵니다. 상대 팀 OVR이 내 팀 OVR보다 높을 시 파워, 정확, 선구 능력치가 5 증가합니다."
M_034,MOMENT,BATTER,BIG BATS,"파워, 정확 능력치가 3 증가 합니다. 상대 투수의 OVR이 더 낮은 경우 파워, 정확 능력치가 5 증가합니다. 좋은 타격 타이밍일 경우 파워 10, 정확 능력치가 5 증가 합니다."
M_035,MOMENT,BATTER,FLASHBACK,"모든 능력치가 2 증가합니다. 주자가 있을 때 파워, 정확, 인내 능력치가 3 증가합니다. 주자가 더해질수록 추가로 3 씩 더 증가합니다"
M_036,MOMENT,BATTER,키 플레이어,모든 능력치가 6 증가합니다. 리그 모드인 경우 추가로 모든 능력치가 8 증가합니다.
M_037,MOMENT,BATTER,론스타,"모든 능력치가 4 증가합니다. 비기거나 지고있을 경우 파워, 정확, 선구 능력치가 10 증가합니다."
M_038,MOMENT,PITCHER,FLASHBACK,"모든 능력치가 2 증가합니다. 주자가 있을 때 구속, 변화, 구우ㅢ 능력치가 3 증가합니다. 주자가 더해질수록 추가로 3씩 더 증가합니다."
M_039,MOMENT,PITCHER,키 플레이어,모든 능력치가 6 증가합니다. 리그 모드인 경우 추가로 모든 능력치가 8 증가합니다.
M_040,MOMENT,PITCHER,론스타,"모든 능력치가 4 증가합니다. 비기거나 지고있을 경우 변화, 구위, 제구 능력치가 10 증가합니다."
M_041,MOMENT,PITCHER,파워 피처,"변화, 구위 능력치가 10 증가합니다. 구속 능력치가 상대 타자의 인내 능력치보다 높은 경우 상대 타자의 파워, 정확, 선구 능력치를 추가로 10 감소시킵니다."
M_042,MOMENT,PITCHER,마에스트로,"상대 타자의 모든 능력치를 11 감소시킵니다.
등판 후 처리한 아웃 카운트 하나 당 변화, 구위가 1 증가합니다.
변화, 구위 능력치는 최대 12까지 증가하며 강판 시까지 유지됩니다."
WBC_001,WBC,BATTER,WORLD BASEBALL CLASSIC 플레이어,모든 능력치가 y 증가합니다
WBC_002,WBC,BATTER,해결사,"상대 투수의 구위, 변화, 제구 능력치를 x+5 감소시킵니다. 주자가 있을 때 파워, 정확 능력치가 y 증가합니다"
WBC_003,WBC,BATTER,집중 상태,"모든 능력치가 x+7 증가합니다. 상대 투수의 OVR이 더 높은 경우 파워, 정확, 선구, 인내 능력치가 x+7 증가합니다."
WBC_004,WBC,BATTER,토너먼트 정신,"파워 정확 인내 능력치가 y 증가합니다. 랭킹 대전, 랭킹 토너먼트, 라이브 매치에서 상대 투수의 구위, 변화, 제구 능력치를 x+2 감소시킵니다."
WBC_005,WBC,BATTER,WORLD BASEBALL CLASSIC 에이스,"모든 능력치가 x+7 증가합니다. 라인업에 등록된 모든 타자의 파워 능력치를 y, 정확 능력치를 z 증가시킵니다 (라인업 등록 효과 : 다른 스킬과 중복 가능, 동일 스킬과 중복 불가)"
WBC_006,WBC,"LF, CR, RF",WORLD BASEBALL CLASSIC 아웃필더,"LF, CF, RF로 배치하면 상대 투수의 투수의 구위, 변화 능력치를 x+5 감소시킵니다. 주루+수비 능력치의 y% 만큼 파워, 정확이 증가합니다."
WBC_007,WBC,PITCHER,WORLD BASEBALL CLASSIC 플레이어,모든 능력치가 y 증가합니다.
WBC_008,WBC,PITCHER,해결사,"상대 타자의 파워, 정확, 인내 능력치를 x+5 감소시킵니다. 주자가 있을 때 구위, 변화 능력치가 y 증가합니다."
WBC_009,WBC,PITCHER,집중 상태,"모든 능력치가 x+7 증가합니다. 상대 타자의 OVR이 더 높은 경우 구위, 변화, 구속, 제구 능력치가 x+7 증가합니다."
WBC_010,WBC,PITCHER,토너먼트 정신,"구위, 변화, 구속 능력치가 y 증가합니다. 랭킹 대전, 랭킹 토너먼트, 라이브 매치에서 상대 타자의 파워, 정확, 선구 능력치를 x+2 감소시킵니다."
WBC_011,WBC,PITCHER,WORLD BASEBALL CLASSIC 에이스,"모든 능력치가 x+7 증가합니다. 라인업에 등록된 모든 투수의 구위 능력치를 y. 변화 능력치를 z 증가시킵니다. (라인업 등록 효과 : 다른 스킬과 중복 가능, 동일 스킬과 중복 불가)"
WBC_012,WBC,SP,WORLD BASEBALL CLASSIC 프론트라인,"상대 타자의 파워, 정확 능력치를 x+2 감소시킵니다. 1. 2 선발로 배치하면 모든 능력치가 x+2 증가합니다"
WBC_013,WBC,PITCHER,드라이브라인,"구속 능력치의 y%만큼 구위, 변화 능력치가 증가합니다. 속구 선택 시 상대 타자의 파워, 정확 선구 능력치를 x+5 감소시킵니다."
WBC_014,WBC,PITCHER,와인드업,"상대 타자의 파워, 정확, 선구 능력치를 x+5 감소시킵니다. 주자가 없을 때 구위, 변화 능력치가 y 증가합니다."
WBC_015,WBC,BATTER,WORLD BASEBALL CLASSIC 스타터,"상대 투수의 구위, 변화 능력치를 x+5 감소 시킵니다. 1번 타순 배치 시 모든 능력치가 x+6 증가합니다."
WBC_016,WBC,BATTER,출루 전문가,"파워 , 정확, 선구, 주루 능력치가 x+8 증가합니다. 주자로 나가 있는 동안 상대 투수의 구위, 변화 능력치를 x+5 감소시킵니다."
BLACK_001,BLACK,DH,퓨어 히터,"DH로 출전하고 평균 발사각이 10도 이상인 경우 파워, 인내 능력치가 y 증가합니다. DH로 출전하고 평균 발사각이 14도 이하인 경우 정확, 선구 능력치가 y 증가하고 상대 투수의 구위, 변화, 구속 능력치를 z 감소시킵니다."
BLACK_002,BLACK,BATTER,황금 정신,"정확, 인내 능력치가 y 증가합니다. 랭킹 대전, 랭킹 토너먼트, 라이브 매치에서 상대 투수의 구위, 변화 능력치를 z 감소시킵니다."
BLACK_003,BLACK,BATTER,리그의 주도자,"파워, 정확 능력치가 y 증가합니다. 리그 모드에서 상대 투수의 구위, 변화, 제구, 구속 능력치를 z 감소시킵니다."
BLACK_004,BLACK,BATTER,리듬 메이커,"1, 2번 타순 배치 시 모든 능력치가 y 증가합니다. 주자가 있을 때 평균 발사각이 2도 증가하고 파워, 정확 능력치가 추가로 z 증가합니다. 주자가 없을 때 평균 발사각이 2도 감소하고 정확, 선구, 인내 능력치가 추가로 a 증가합니다."
BLACK_005,BLACK,BATTER,타점 생성기,"상대 투수의 구위, 변화 능력치를 y 감소시킵니다. 3, 4, 5번 타순 배치 시 파워, 정확, 선구, 인내 능력치가 z 증가합니다."
BLACK_006,BLACK,BATTER,기회의 불꽃,"8, 9번 타순 배치 시 파워 능력치가 y 감소하고 정확, 선구, 인내, 주루 능력치가 z 증가합니다. 주자로 나가 있는 동안 상대 투수의 구위, 변화 능력치를 a 감소시킵니다."
BLACK_007,BLACK,BATTER,용기,"상대 투수의 구위, 변화 능력치를 y 감소시킵니다. 6, 7, 8, 9번 타순 배치 시 정확, 인내 능력치가 z 증가합니다."
BLACK_008,BLACK,BATTER,터점 사냥꾼,"상대 투수의 구위, 변화, 구속 능력치를 y 감소시킵니다. 주자가 있을 때 파워, 정확 능력치가 z 증가합니다. 타점 배틀에서 파워, 선구 능력치가 추가로 a 증가합니다."
BLACK_009,BLACK,BATTER,도전 본능,"상대 투수의 구위, 변화, 제구, 구속 능력치를 y 감소시킵니다. 자신의 홈런이 3개 이상인 경우 파워, 정확, 선구, 인내 능력치가 z 증가합니다."
BLACK_010,BLACK,DH,선제 공격,"DH로 출전 시 상대 투수의 구위, 변화 능력치를 y 감소시킵니다. 1번 타순 배치 시 파워, 정확, 선구 능력치가 z 증가합니다."
BLACK_011,BLACK,BATTER,통찰,"상대 투수의 변화, 제구 능력치를 y 감소시킵니다. 스트라이크 카운트가 2스트라이크일 때 파워, 정확 능력치가 z 증가합니다. 라이브 매치에서 파워, 선구 능력치가 추가로 a 증가합니다."
BLACK_012,BLACK,BATTER,배팅 천재,"정확, 선구, 인내 능력치가 y 증가합니다."
BLACK_013,BLACK,SP,안정 투구,"선발로 등판 시 변화, 제구 능력치가 y 증가합니다. 변화구 선택 시 상대 타자의 정확, 선구 능력치를 z 감소시킵니다."
BLACK_014,BLACK,PITCHER,황금 정신,"구위, 구속 능력치가 y 증가합니다. 랭킹 대전, 랭킹 토너먼트, 라이브 매치에서 상대 타자의 정확 능력치를 z 감소시킵니다."
BLACK_015,BLACK,PITCHER,리그의 주도자,"구위, 변화 능력치가 y 증가합니다. 리그 모드에서 상대 타자의 파워, 정확, 선구, 인내 능력치를 z 감소시킵니다."
BLACK_016,BLACK,SP,마운드 스타,"선발로 등판 시 구위, 구속 능력치가 y 증가합니다. 속구 선택 시 상대 타자의 정확, 인내 능력치를 z 감소시킵니다."
BLACK_017,BLACK,SP,무실점 스타트,"구위, 변화, 구속 능력치가 y 증가합니다. 1, 2선발로 등판 시 6회까지 상대 타자의 정확, 선구 능력치를 z 감소시킵니다."
BLACK_018,BLACK,SP,용기,"상대 타자의 파워, 정확 능력치를 y 감소시킵니다. 4, 5선발로 등판 시 구위, 변화, 구속 능력치가 z 증가합니다."
BLACK_019,BLACK,PITCHER,냉철함,"상대 타자의 정확, 인내 능력치를 y 감소시킵니다. 주자가 있을 때 구위, 변화 능력치가 z 증가합니다. 타점 배틀에서 구위, 제구 능력치가 추가로 a 증가합니다."
BLACK_020,BLACK,PITCHER,리드 컨트롤,"상대 타자의 정확, 선구 능력치를 y 감소시킵니다. 이기고 있을 때 구위, 변화 능력치가 z 증가합니다. 라이브 매치에서 구위, 제구 능력치가 추가로 a 증가합니다."
BLACK_021,BLACK,PITCHER,베스트 컨디션,"구위, 변화, 제구, 구속 능력치가 y 증가합니다."
BLACK_022,BLACK,PITCHER,도전 본능,"상대 타자의 파워, 정확 능력치를 y 감소시킵니다. 현재 투수가 출루시킨 타자가 2명 이하인 경우 구위, 변화, 제구, 구속 능력치가 z 증가합니다."
BLACK_023,BLACK,OF,아웃필드 가디언,"LF, CF, RF 배치 시 상대 투수의 구위, 변화 능력치를 y 감소시킵니다. 3, 4, 5번 타순 배치 시 파워, 정확, 주루, 수비 능력치가 z 증가합니다."
BLACK_024,BLACK,SS,5툴 유격수,"SS 배치 시 상대 투수의 구위, 변화 능력치를 y 감소시킵니다. SS 배치 시 모든 능력치가 z 증가합니다."
HOF_001,HOF,BATTER,슬로우 스타터,"상대 투수의 구위, 변화, 구속 능력치를 y 감소시킵니다. 5회 이후부터 파워, 정확, 인내 능력치가 4 증가합니다. 7회 이후부터 추가로 파워, 정확, 선구 능력치가 z 증가합니다."
HOF_002,HOF,BATTER,레코드 홀더,"정확 능력치가 y 증가하고 상대 투수의 구위, 변화 능력치를 y 감소시킵니다. 랭킹 대전, 랭킹 토너먼트에서 파워 z, 선구 능력치가 a 증가합니다. 클럽 대전에서 정확 b, 인내 능력치가 c 증가합니다."
HOF_003,HOF,BATTER,리그의 지배자,"상대 투수의 구위, 변화, 구속, 제구 능력치를 y 감소시킵니다. 리그 모드에서 파워, 정확, 선구 능력치가 z 증가합니다. 리그 모드에서 라인업에 등록된 모든 타자의 파워, 정확 능력치를 1 증가시킵니다."
HOF_004,HOF,BATTER,스피드&컨택,"상대 투수의 구위, 변화 능력치를 5 감소시킵니다. 정확 능력치의 y%만큼 파워, 정확 능력치가 증가합니다. 평균 발사각이 3 감소합니다. 1, 2 타순으로 출전 시 파워, 정확, 선구, 주루 능력치가 z 증가합니다."
HOF_005,HOF,BATTER,장타 본능,"상대 투수의 구위, 변화 능력치를 y 감소시킵니다. 평균 발사각이 z 증가합니다. 3, 4, 5 타순으로 출전 시 파워, 정확 능력치가 a 증가하고 상대 투수의 변화 능력치를 추가로 a 감소시킵니다."
HOF_006,HOF,BATTER,숨은 위협,"파워, 정확, 선구, 인내 능력치가 6 증가합니다. 정확 능력치의 y%만큼 파워, 정확 능력치가 추가로 증가합니다. 6, 7, 8, 9 타순으로 출전 시 상대 투수의 구위, 변화 능력치를 6 감소시킵니다."
HOF_007,HOF,BATTER,게임 체인저,"상대 투수의 구위, 변화, 구속, 제구 능력치를 y 감소시킵니다. 주자가 있을 때 정확, 선구 능력치가 6 증가합니다. 주자가 3루에 있는 경우 추가로 파워, 정확, 인내 능력치가 z 증가합니다."
HOF_008,HOF,BATTER,자유 스윙,"파워, 정확, 선구 능력치가 y 증가합니다. 정확 능력치의 2%만큼 파워 능력치가 추가로 증가합니다. 주자가 없을 때 상대 투수의 구위, 변화, 구속 능력치가 3 감소합니다."
HOF_009,HOF,BATTER,타격 전문화,"상대 투수의 구위, 변화 능력치를 y 감소시킵니다. 2, 3 타순으로 출전 시 정확 능력치가 z 증가하고 상대 투수의 구위, 변화 능력치를 추가로 z 감소시킵니다. 4, 5번 타순으로 출전 시 파워, 정확, 선구 능력치가 a 증가합니다."
HOF_010,HOF,BATTER,두번째 기회,"상대 투수의 구위, 변화, 구속 능력치를 y 감소시키고 타자의 정확, 인내 능력치가 y 증가합니다. 타자 본인이 직전 타석에서 출루에 실패했을 시 이번 타석에서 모든 능력치가 z 증가합니다."
HOF_011,HOF,BATTER,멘탈 게임,"모든 능력치가 y 증가합니다. 좋은 타격 타이밍일 때 파워, 정확 능력치가 8 증가합니다. 주자로 나가 있는 동안 상대 투수의 구위, 변화, 제구 능력치를 z 감소시킵니다."
HOF_012,HOF,BATTER,타자 케미스트리,"상대 투수의 구위 능력치를 y 감소시키고 모든 능력치가 y 증가합니다. 라인업에 등록된 모든 타자의 파워, 정확 능력치를 z 증가시킵니다."
HOF_013,HOF,BATTER,하드 히터,"상대 투수의 구위, 변화, 구속, 제구 능력치를 y 감소시킵니다. 스트라이크 타격 시 파워 능력치가 z 증가합니다. 당겨치기 시 파워 능력치가 a 증가합니다. 밀어치기 시 정확 능력치가 a 증가합니다."
HOF_014,HOF,BATTER,에이스 스페셜리스트,"모든 능력치가 y 증가합니다. 상대 투수의 OVR이 더 높은 경우 파워, 정확, 선구, 인내 능력치가 z 증가합니다."
HOF_015,HOF,BATTER,적응형 타자,"상대 투수의 구위 능력치를 y 감소시키고 타자의 모든 능력치가 y 증가합니다. 우투수 상대로 좌타석에 들어가는 경우 파워, 정확, 선구 능력치가 추가로 z 증가합니다. 좌투수 상대로 우타석에 들어가는 경우 파워, 정확, 선구 능력치가 추가로 z 증가합니다."
HOF_016,HOF,"LF, RF",강한 어깨,"파워, 정확 능력치가 y 증가하고 상대 투수의 구위 능력치를 y 감소시킵니다. LF, RF 포지션 배치 시 파워, 정확, 주루, 수비 능력치가 추가로 z 증가합니다."
HOF_017,HOF,BATTER,백투백,"상대 투수의 구위, 변화, 제구 능력치를 y 감소시킵니다. 직전 타자가 출루 성공 시 파워 능력치가 z 증가합니다. 직전 타자가 홈런에 성공한 경우 파워, 정확, 선구 능력치가 추가로 a 증가합니다."
HOF_018,HOF,BATTER,디셉션 헌터,"파워, 정확 능력치가 5 증가하고 상대 투수의 구위 능력치를 5 감소시킵니다. 선구 능력치가 상대 투수의 제구 능력치보다 높은 경우 상대 투수의 구위, 변화 능력치를 추가로 y 감소시킵니다."
HOF_019,HOF,PITCHER,슬로우 스타터,"상대 타자의 파워, 정확, 인내 능력치를 y 감소시킵니다. 5회 이후부터 구위, 변화, 구속 능력치가 4 증가합니다. 7회 이후부터 추가로 구위, 변화, 제구 능력치가 z 증가합니다."
HOF_020,HOF,PITCHER,레코드 홀더,"변화 능력치가 y 증가하고 상대 타자의 파워, 정확 능력치를 y 감소시킵니다. 랭킹 대전, 랭킹 토너먼트에서 구위 z, 제구 능력치가 a 증가합니다. 클럽 대전에서 변화 b, 구속 능력치가 c 증가합니다."
HOF_021,HOF,PITCHER,리그의 지배자,"상대 타자의 파워, 정확, 선구, 인내 능력치를 y 감소시킵니다. 리그 모드에서 구위, 변화, 제구 능력치가 z 증가합니다. 리그 모드에서 라인업에 등록된 모든 투수의 구위, 변화 능력치를 1 증가시킵니다."
HOF_022,HOF,SP,프론트라인 에이스,"상대 타자의 파워, 정확 능력치를 5 감소시킵니다. 변화 능력치의 y%만큼 구위, 변화 능력치가 증가합니다. 1, 2 선발 배치 시 구위, 변화, 제구, 구속 능력치가 추가로 z 증가합니다."
HOF_023,HOF,SP,신뢰의 선발,"상대 타자의 파워, 정확 능력치를 y 감소시킵니다. 3, 4 선발 배치 시 구위, 변화 능력치가 z 증가하고 상대 타자의 정확 능력치를 추가로 z 감소시킵니다."
HOF_024,HOF,PITCHER,소방수,"구위, 변화, 제구, 구속 능력치가 6 증가합니다. 변화 능력치의 y%만큼 구위, 변화 능력치가 추가로 증가합니다. 등판 후 상대하는 여섯 타자 동안 상대 타자의 파워, 정확 능력치를 6 감소시킵니다."
HOF_025,HOF,PITCHER,리드 수호자,"상대 타자의 정확, 파워 능력치를 4 감소시킵니다. 등판 시 비기거나 리드 상황일 경우 구위, 변화 능력치가 y 증가하고 상대 타자의 정확 능력치를 추가로 y 감소시킵니다."
HOF_026,HOF,PITCHER,불굴,"모든 능력치가 y 증가합니다. 등판 중 리드 시 상대 타자의 정확, 파워가 4 감소하고 비기거나 지고 있는 상황에선 상대 타자 전체의 정확, 파워가 z 감소합니다."
HOF_027,HOF,PITCHER,이스케이프 아티스트,"상대 타자의 파워, 정확, 선구, 인내 능력치를 y 감소시킵니다. 주자가 있을 때 변화, 제구 능력치가 6 증가합니다. 주자가 3루에 있는 경우 추가로 구위, 변화, 구속 능력치가 z 증가합니다."
HOF_028,HOF,PITCHER,간단한 이닝,"구위, 변화, 제구 능력치가 y 증가합니다. 변화 능력치의 2%만큼 구위 능력치가 추가로 증가합니다. 주자가 없을 때 상대 타자의 파워, 정확, 인내 능력치를 4 감소시킵니다."
HOF_029,HOF,PITCHER,결자해지,"변화, 구속 능력치가 y 증가하고 상대 타자의 파워, 정확, 인내 능력치를 y 감소시킵니다. 직전 타자가 출루에 성공했을 때 모든 능력치가 z 증가합니다."
HOF_030,HOF,PITCHER,끝판왕,"상대 타자의 파워, 정확 능력치를 y 감소시킵니다. 8회 이후 구위, 변화, 제구 능력치가 y 증가하고 상대 타자의 파워, 정확 능력치를 추가로 z 감소시킵니다."
HOF_031,HOF,PITCHER,투수 케미스트리,"상대 타자의 파워 능력치를 y 감소시키고 모든 능력치가 y 증가합니다. 라인업에 등록된 모든 투수의 구위, 변화 능력치를 z 증가시킵니다."
HOF_032,HOF,PITCHER,에이스 스페셜리스트,"모든 능력치가 y 증가합니다. 상대 타자의 OVR이 더 높은 경우 구위, 구속, 변화, 제구 능력치가 z 증가합니다."
HOF_033,HOF,SP,워크호스,"상대 타자의 파워, 정확 능력치를 4 감소시킵니다. 지구력 능력치의 y%만큼 구위, 변화 능력치가 증가합니다. 선발 투수로 등판 시 구속, 변화, 제구 능력치가 추가로 z 증가합니다."
HOF_034,HOF,PITCHER,점화 플러그,"변화 능력치의 y%만큼 구위 능력치가 증가하고 상대 타자의 파워, 정확 능력치를 4 감소시킵니다. 직전 타자를 삼진 아웃 시켰을 시 상대 타자의 파워, 정확 능력치를 추가로 z 감소시킵니다."
HOF_035,HOF,PITCHER,하위타선 지배자,"상대 타자의 파워, 정확, 선구, 인내 능력치를 y 감소시킵니다. 상대 6, 7, 8, 9 타순 상대 시 구위, 변화, 제구 능력치가 z 증가합니다."
HOF_036,HOF,PITCHER,디셉션 커맨더,"구위, 변화 능력치가 5 증가하고 상대 타자의 파워 능력치가 5 감소합니다. 제구 능력치가 상대 타자의 선구 능력치보다 높은 경우 상대 타자의 파워, 정확 능력치를 추가로 y 감소합니다."
HOF_037,HOF,PITCHER,너클볼 마스터,"구위 능력치가 4 감소하고 변화 능력치가 y 증가합니다. 변화구 선택 시 상대 타자의 파워, 정확, 선구 능력치를 z 감소시킵니다. 너클볼 선택 시 상대 타자의 정확 능력치를 추가로 3 감소시킵니다."
HOF_038,HOF,SP,300승 투수,"구위, 변화 능력치가 y 증가합니다. 1선발 등판 시 7회까지 상대 타자의 파워, 정확 능력치를 z 감소시킵니다. 비기거나 리드 상황일 경우 상대 타자의 파워, 정확 능력치를 추가로 y 감소시킵니다."
HOF_039,HOF,PITCHER,심리전의 달인,상대 타자의 모든 능력치를 y 감소시킵니다.
HOF_040,HOF,SP,빅 유닛,"모든 능력치가 y 증가합니다. 상대 타자가 좌타자인 경우 파워, 정확, 선구, 인내 능력치를 z 감소시킵니다. 좌완 선발로 등판 시 상대 타자의 파워, 정확, 선구, 인내 능력치를 y 감소시킵니다."
HOF_041,HOF,BATTER,콜드 샷,"상대 투수의 구위, 변화 능력치를 y 감소시키고 파워 능력치가 y 증가합니다. 타자 본인이 직전 타석에서 홈런에 실패했을 시 이번 타석에서 상대 투수의 구위, 변화 능력치를 추가로 z 감소시킵니다."
HOF_042,HOF,BATTER,꾸준함,"상대 투수의 구위, 변화 능력치를 y 감소시킵니다. 스트라이크 타격 시 파워 능력치가 y 증가합니다. 타자 본인이 직전 타석에서 출루에 실패했을 시 이번 타석에서 파워, 정확 능력치가 추가로 z 증가합니다."
HOF_043,HOF,BATTER,철마,모든 능력치가 y 증가합니다.
HOF_044,HOF,DH,빅 히트,"상대 투수의 구위, 변화, 제구, 구속 능력치를 y 감소시킵니다. DH 배치 시 상대 투수의 구위, 변화, 제구, 구속 능력치를 추가로 z 감소시킵니다."
