skill_id,level,option,score,selector,source
BLACK_001,5,"DH, 14≥LA≥10",21.4,MANUAL,"[S0] 퓨어 히터 (DH, 14≥LA≥10)"
BLACK_001,5,"DH, LA≤14",15.9,MANUAL,"[S0] 퓨어 히터 (DH, LA≤14)"
BLACK_001,5,"DH, LA≥10",14.9,MANUAL,"[S0] 퓨어 히터 (DH, LA≥10)"
BLACK_001,5,X,9.4,MANUAL,[S0] 퓨어 히터 (X)
BLACK_001,6,"DH, 14≥LA≥10",33.3,MANUAL,"[S1] 퓨어 히터 (DH, 14≥LA≥10)"
BLACK_001,6,"DH, LA≤14",24.5,MANUAL,"[S1] 퓨어 히터 (DH, LA≤14)"
BLACK_001,6,"DH, LA≥10",22.9,MANUAL,"[S1] 퓨어 히터 (DH, LA≥10)"
BLACK_001,6,X,14.1,MANUAL,[S1] 퓨어 히터 (X)
BLACK_001,7,"DH, 14≥LA≥10",42.85,MANUAL,"[S2] 퓨어 히터 (DH, 14≥LA≥10)"
BLACK_001,7,"DH, LA≤14",30.75,MANUAL,"[S2] 퓨어 히터 (DH, LA≤14)"
BLACK_001,7,"DH, LA≥10",28.55,MANUAL,"[S2] 퓨어 히터 (DH, LA≥10)"
BLACK_001,7,X,16.45,MANUAL,[S2] 퓨어 히터 (X)
BLACK_002,5,-,12.7,ALWAYS,[S0] 황금 정신 (-)
BLACK_002,6,-,23.4,ALWAYS,[S1] 황금 정신 (-)
BLACK_002,7,-,32.1,ALWAYS,[S2] 황금 정신 (-)
BLACK_003,5,-,10,ALWAYS,[S0] 리그 주도자 (-)
BLACK_003,6,-,12,ALWAYS,[S1] 리그 주도자 (-)
BLACK_003,7,-,14,ALWAYS,[S2] 리그 주도자 (-)
BLACK_004,5,,17.44,ALWAYS,[S0]리듬 메이커
BLACK_004,6,,28.66,ALWAYS,[S1]리듬 메이커
BLACK_004,7,,40.52,ALWAYS,[S2]리듬 메이커
BLACK_005,5,O,21.4,ORDER=4..5,[S0] 타점 생성기 (O)
BLACK_005,5,X,9.4,!ORDER=4..5,[S0] 타점 생성기 (X)
BLACK_005,6,O,28.55,ORDER=4..5,[S1] 타점 생성기 (O)
BLACK_005,6,X,11.75,!ORDER=4..5,[S1] 타점 생성기 (X)
BLACK_005,7,O,40.5,ORDER=4..5,[S2] 타점 생성기 (O)
BLACK_005,7,X,14.1,!ORDER=4..5,[S2] 타점 생성기 (X)
BLACK_006,5,,9.02,ALWAYS,[S0]기회의 불꽃
BLACK_006,6,,12.72,ALWAYS,[S1]기회의 불꽃
BLACK_006,7,,16.03,ALWAYS,[S2]기회의 불꽃
BLACK_007,5,O,17.4,ORDER=8..9,[S0] 용기 (O)
BLACK_007,5,X,9.4,!ORDER=8..9,[S0] 용기 (X)
BLACK_007,6,O,26.1,ORDER=8..9,[S1] 용기 (O)
BLACK_007,6,X,14.1,!ORDER=8..9,[S1] 용기 (X)
BLACK_007,7,O,32.45,ORDER=8..9,[S2] 용기 (O)
BLACK_007,7,X,16.45,!ORDER=8..9,[S2] 용기 (X)
BLACK_008,5,-,7.9,ALWAYS,[S0] 타점 사냥꾼 (-)
BLACK_008,6,-,14.2,ALWAYS,[S1] 타점 사냥꾼 (-)
BLACK_008,7,-,17.35,ALWAYS,[S2] 타점 사냥꾼 (-)
BLACK_009,5,-,10.4,ALWAYS,[S0] 도전 본능 (-)
BLACK_009,6,-,18.45,ALWAYS,[S1] 도전 본능 (-)
BLACK_009,7,-,24.15,ALWAYS,[S2] 도전 본능 (-)
BLACK_010,5,1번타자,12,ORDER=1,[S0] 선제 공격 (1번타자)
BLACK_010,5,DH,9.4,POS=DH,[S0] 선제 공격 (DH)
BLACK_010,5,"DH, 1번 타자",21.4,POS=DH&ORDER=1,"[S0] 선제 공격 (DH, 1번 타자)"
BLACK_010,5,X,0,MANUAL,[S0] 선제 공격 (X)
BLACK_010,6,1번타자,19.2,ORDER=1,[S1] 선제 공격 (1번타자)
BLACK_010,6,DH,16.45,POS=DH,[S1] 선제 공격 (DH)
BLACK_010,6,"DH, 1번 타자",35.65,POS=DH&ORDER=1,"[S1] 선제 공격 (DH, 1번 타자)"
BLACK_010,6,X,0,MANUAL,[S1] 선제 공격 (X)
BLACK_010,7,1번타자,24,ORDER=1,[S2] 선제 공격 (1번타자)
BLACK_010,7,DH,21.15,POS=DH,[S2] 선제 공격 (DH)
BLACK_010,7,"DH, 1번 타자",45.15,POS=DH&ORDER=1,"[S2] 선제 공격 (DH, 1번 타자)"
BLACK_010,7,X,0,MANUAL,[S2] 선제 공격 (X)
BLACK_011,5,-,14.216273,ALWAYS,[S0] 통찰 (-)
BLACK_011,6,-,18.920341,ALWAYS,[S1] 통찰 (-)
BLACK_011,7,-,23.62441,ALWAYS,[S2] 통찰 (-)
BLACK_012,5,-,16.8,ALWAYS,[S0] 배팅 천재 (-)
BLACK_012,6,-,24,ALWAYS,[S1] 배팅 천재 (-)
BLACK_012,7,-,31.2,ALWAYS,[S2] 배팅 천재 (-)
BLACK_013,5,-,13.5,ALWAYS,[S0] 안정 투구 (-)
BLACK_013,6,-,22.06,ALWAYS,[S1] 안정 투구 (-)
BLACK_013,7,-,31.94,ALWAYS,[S2] 안정 투구 (-)
BLACK_014,5,-,13.4,ALWAYS,[S0] 황금 정신 (-)
BLACK_014,6,-,24.45,ALWAYS,[S1] 황금 정신 (-)
BLACK_014,7,-,33.15,ALWAYS,[S2] 황금 정신 (-)
BLACK_015,5,-,11.75,ALWAYS,[S0] 리그의 주도자 (-)
BLACK_015,6,-,14.1,ALWAYS,[S1] 리그의 주도자 (-)
BLACK_015,7,-,16.45,ALWAYS,[S2] 리그의 주도자 (-)
BLACK_016,5,-,11.7,ALWAYS,[S0] 마운드 스타 (-)
BLACK_016,6,-,19.2,ALWAYS,[S1] 마운드 스타 (-)
BLACK_016,7,-,27.6,ALWAYS,[S2] 마운드 스타 (-)
BLACK_017,5,O,19.685714,MANUAL,[S0] 무실점 스타트 (O)
BLACK_017,5,X,9.4,MANUAL,[S0] 무실점 스타트 (X)
BLACK_017,6,O,28.5,MANUAL,[S1] 무실점 스타트 (O)
BLACK_017,6,X,14.1,MANUAL,[S1] 무실점 스타트 (X)
BLACK_017,7,O,41.721429,MANUAL,[S2] 무실점 스타트 (O)
BLACK_017,7,X,21.15,MANUAL,[S2] 무실점 스타트 (X)
BLACK_018,5,O,17.4,PSLOT=4..5,[S0] 용기 (O)
BLACK_018,5,X,8,!PSLOT=4..5,[S0] 용기 (X)
BLACK_018,6,O,26.1,PSLOT=4..5,[S1] 용기 (O)
BLACK_018,6,X,12,!PSLOT=4..5,[S1] 용기 (X)
BLACK_018,7,O,32.8,PSLOT=4..5,[S2] 용기 (O)
BLACK_018,7,X,14,!PSLOT=4..5,[S2] 용기 (X)
BLACK_019,5,-,7.76,ALWAYS,[S0] 냉철함 (-)
BLACK_019,6,-,13.64,ALWAYS,[S1] 냉철함 (-)
BLACK_019,7,-,16.58,ALWAYS,[S2] 냉철함 (-)
BLACK_020,5,-,8.02,ALWAYS,[S0] 리드 컨트롤 (-)
BLACK_020,6,-,13.33,ALWAYS,[S1] 리드 컨트롤 (-)
BLACK_020,7,-,16.635,ALWAYS,[S2] 리드 컨트롤 (-)
BLACK_021,5,-,16.45,ALWAYS,[S0] 베스트 컨디션 (-)
BLACK_021,6,-,23.5,ALWAYS,[S1] 베스트 컨디션 (-)
BLACK_021,7,-,30.55,ALWAYS,[S2] 베스트 컨디션 (-)
BLACK_022,5,-,11.38,ALWAYS,[S0] 도전 본능 (-)
BLACK_022,6,-,17.08,ALWAYS,[S1] 도전 본능 (-)
BLACK_022,7,-,22.77,ALWAYS,[S2] 도전 본능 (-)
BLACK_023,5,,19.4,ALWAYS,[S0]아웃필드 가디언
BLACK_023,6,,32.45,ALWAYS,[S1]아웃필드 가디언
BLACK_023,7,,41.15,ALWAYS,[S2]아웃필드 가디언
BLACK_024,5,,21.45,ALWAYS,[S0]5툴 유격수
BLACK_024,6,,35.7,ALWAYS,[S1]5툴 유격수
BLACK_024,7,,45.2,ALWAYS,[S2]5툴 유격수
B_001,5,-,3.087645,ALWAYS,[S0] 초구공략 (-)
B_001,6,-,3.705174,ALWAYS,[S1] 초구공략 (-)
B_001,7,-,4.322703,ALWAYS,[S2] 초구공략 (-)
B_001,8,-,4.940231,ALWAYS,[S3] 초구공략 (-)
B_001,9,-,5.55776,ALWAYS,[S4] 초구공략 (-)
B_002,5,-,3.6,ALWAYS,[S0] 인내심 (-)
B_002,6,-,4.32,ALWAYS,[S1] 인내심 (-)
B_002,7,-,5.04,ALWAYS,[S2] 인내심 (-)
B_002,8,-,5.76,ALWAYS,[S3] 인내심 (-)
B_002,9,-,6.48,ALWAYS,[S4] 인내심 (-)
B_003,5,-,3.6,ALWAYS,[S0] 승부근성 (-)
B_003,6,-,4.32,ALWAYS,[S1] 승부근성 (-)
B_003,7,-,5.04,ALWAYS,[S2] 승부근성 (-)
B_003,8,-,5.76,ALWAYS,[S3] 승부근성 (-)
B_003,9,-,6.48,ALWAYS,[S4] 승부근성 (-)
B_004,5,-,3.9,ALWAYS,[S0] 테이블세터 (-)
B_004,6,-,4.68,ALWAYS,[S1] 테이블세터 (-)
B_004,7,-,5.46,ALWAYS,[S2] 테이블세터 (-)
B_004,8,-,6.24,ALWAYS,[S3] 테이블세터 (-)
B_004,9,-,7.02,ALWAYS,[S4] 테이블세터 (-)
B_005,5,-,2.31,ALWAYS,[S0] 스윗스팟 (-)
B_005,6,-,2.64,ALWAYS,[S1] 스윗스팟 (-)
B_005,7,-,2.97,ALWAYS,[S2] 스윗스팟 (-)
B_005,8,-,3.63,ALWAYS,[S3] 스윗스팟 (-)
B_005,9,-,3.96,ALWAYS,[S4] 스윗스팟 (-)
B_006,5,-,6,ALWAYS,[S0] 평정심 (-)
B_006,6,-,7.2,ALWAYS,[S1] 평정심 (-)
B_006,7,-,8.4,ALWAYS,[S2] 평정심 (-)
B_006,8,-,9.6,ALWAYS,[S3] 평정심 (-)
B_006,9,-,10.8,ALWAYS,[S4] 평정심 (-)
B_007,5,-,0,ALWAYS,[S0] 이닝이터 (-)
B_007,6,-,0,ALWAYS,[S1] 이닝이터 (-)
B_007,7,-,0,ALWAYS,[S2] 이닝이터 (-)
B_007,8,-,0,ALWAYS,[S3] 이닝이터 (-)
B_007,9,-,0,ALWAYS,[S4] 이닝이터 (-)
B_008,5,마무리,3.114572,ROLE=CP,[S0] 기선제압 (마무리)
B_008,5,선발,0.394089,ROLE=SP,[S0] 기선제압 (선발)
B_008,5,중계,2.364532,ROLE=RP,[S0] 기선제압 (중계)
B_008,6,마무리,3.737486,ROLE=CP,[S1] 기선제압 (마무리)
B_008,6,선발,0.472906,ROLE=SP,[S1] 기선제압 (선발)
B_008,6,중계,2.837438,ROLE=RP,[S1] 기선제압 (중계)
B_008,7,마무리,4.3604,ROLE=CP,[S2] 기선제압 (마무리)
B_008,7,선발,0.551724,ROLE=SP,[S2] 기선제압 (선발)
B_008,7,중계,3.310345,ROLE=RP,[S2] 기선제압 (중계)
B_008,8,마무리,4.983315,ROLE=CP,[S3] 기선제압 (마무리)
B_008,8,선발,0.630542,ROLE=SP,[S3] 기선제압 (선발)
B_008,8,중계,3.783251,ROLE=RP,[S3] 기선제압 (중계)
B_008,9,마무리,5.606229,ROLE=CP,[S4] 기선제압 (마무리)
B_008,9,선발,0.70936,ROLE=SP,[S4] 기선제압 (선발)
B_008,9,중계,4.256158,ROLE=RP,[S4] 기선제압 (중계)
B_009,5,-,2.2,ALWAYS,[S0] 라스트 카운트 (-)
B_009,6,-,2.566667,ALWAYS,[S1] 라스트 카운트 (-)
B_009,7,-,2.933333,ALWAYS,[S2] 라스트 카운트 (-)
B_009,8,-,3.3,ALWAYS,[S3] 라스트 카운트 (-)
B_009,9,-,3.666667,ALWAYS,[S4] 라스트 카운트 (-)
B_010,5,-,1.173,ALWAYS,[S0] 자신감 (-)
B_010,6,-,1.3685,ALWAYS,[S1] 자신감 (-)
B_010,7,-,1.564,ALWAYS,[S2] 자신감 (-)
B_010,8,-,1.7595,ALWAYS,[S3] 자신감 (-)
B_010,9,-,1.955,ALWAYS,[S4] 자신감 (-)
G_001,5,-,14.4,ALWAYS,[S0] 배팅 머신 (-)
G_001,6,-,16.8,ALWAYS,[S1] 배팅 머신 (-)
G_001,7,-,19.2,ALWAYS,[S2] 배팅 머신 (-)
G_001,8,-,21.6,ALWAYS,[S3] 배팅 머신 (-)
G_001,9,-,24,ALWAYS,[S4] 배팅 머신 (-)
G_002,5,-,1.833333,ALWAYS,[S0] 어퍼 스윙 (-)
G_002,6,-,2.2,ALWAYS,[S1] 어퍼 스윙 (-)
G_002,7,-,2.566667,ALWAYS,[S2] 어퍼 스윙 (-)
G_002,8,-,2.933333,ALWAYS,[S3] 어퍼 스윙 (-)
G_002,9,-,3.3,ALWAYS,[S4] 어퍼 스윙 (-)
G_003,5,-,2.933333,ALWAYS,[S0] 하이볼 히터 (-)
G_003,6,-,3.666667,ALWAYS,[S1] 하이볼 히터 (-)
G_003,7,-,4.4,ALWAYS,[S2] 하이볼 히터 (-)
G_003,8,-,5.133333,ALWAYS,[S3] 하이볼 히터 (-)
G_003,9,-,5.5,ALWAYS,[S4] 하이볼 히터 (-)
G_004,5,-,3.19,ALWAYS,[S0] 클러치 히터 (-)
G_004,6,-,3.828,ALWAYS,[S1] 클러치 히터 (-)
G_004,7,-,4.466,ALWAYS,[S2] 클러치 히터 (-)
G_004,8,-,5.104,ALWAYS,[S3] 클러치 히터 (-)
G_004,9,-,5.742,ALWAYS,[S4] 클러치 히터 (-)
G_005,5,-,7.2,ALWAYS,[S0] 노림수 (-)
G_005,6,-,8.1,ALWAYS,[S1] 노림수 (-)
G_005,7,-,9,ALWAYS,[S2] 노림수 (-)
G_005,8,-,9.9,ALWAYS,[S3] 노림수 (-)
G_005,9,-,10.8,ALWAYS,[S4] 노림수 (-)
G_006,5,O,10,ORDER=4..5,[S0] 클린업 트리오 (O)
G_006,5,X,0,!ORDER=4..5,[S0] 클린업 트리오 (X)
G_006,6,O,12,ORDER=4..5,[S1] 클린업 트리오 (O)
G_006,6,X,0,!ORDER=4..5,[S1] 클린업 트리오 (X)
G_006,7,O,14,ORDER=4..5,[S2] 클린업 트리오 (O)
G_006,7,X,0,!ORDER=4..5,[S2] 클린업 트리오 (X)
G_006,8,O,16,ORDER=4..5,[S3] 클린업 트리오 (O)
G_006,8,X,0,!ORDER=4..5,[S3] 클린업 트리오 (X)
G_006,9,O,18,ORDER=4..5,[S4] 클린업 트리오 (O)
G_006,9,X,0,!ORDER=4..5,[S4] 클린업 트리오 (X)
G_007,5,그외,8.4,!GRADE=HOF,[S0] 패기 (그외)
G_007,5,명전,5.04,GRADE=HOF,[S0] 패기 (명전)
G_007,6,그외,9.6,!GRADE=HOF,[S1] 패기 (그외)
G_007,6,명전,5.76,GRADE=HOF,[S1] 패기 (명전)
G_007,7,그외,10.8,!GRADE=HOF,[S2] 패기 (그외)
G_007,7,명전,6.48,GRADE=HOF,[S2] 패기 (명전)
G_007,8,그외,12,!GRADE=HOF,[S3] 패기 (그외)
G_007,8,명전,7.2,GRADE=HOF,[S3] 패기 (명전)
G_007,9,그외,13.2,!GRADE=HOF,[S4] 패기 (그외)
G_007,9,명전,7.92,GRADE=HOF,[S4] 패기 (명전)
G_008,5,-,0,ALWAYS,[S0] 빠른발 (-)
G_008,6,-,0,ALWAYS,[S1] 빠른발 (-)
G_008,7,-,0,ALWAYS,[S2] 빠른발 (-)
G_008,8,-,0,ALWAYS,[S3] 빠른발 (-)
G_008,9,-,0,ALWAYS,[S4] 빠른발 (-)
G_009,5,-,10,ALWAYS,[S0] 홈 어드밴티지 (-)
G_009,6,-,12,ALWAYS,[S1] 홈 어드밴티지 (-)
G_009,7,-,14,ALWAYS,[S2] 홈 어드밴티지 (-)
G_009,8,-,16,ALWAYS,[S3] 홈 어드밴티지 (-)
G_009,9,-,18,ALWAYS,[S4] 홈 어드밴티지 (-)
G_010,5,O,5.5,MANUAL,[S0] 리드오프 (O)
G_010,5,X,2.8,MANUAL,[S0] 리드오프 (X)
G_010,6,O,5.9,MANUAL,[S1] 리드오프 (O)
G_010,6,X,3.2,MANUAL,[S1] 리드오프 (X)
G_010,7,O,7.2,MANUAL,[S2] 리드오프 (O)
G_010,7,X,3.6,MANUAL,[S2] 리드오프 (X)
G_010,8,O,7.6,MANUAL,[S3] 리드오프 (O)
G_010,8,X,4,MANUAL,[S3] 리드오프 (X)
G_010,9,O,8.9,MANUAL,[S4] 리드오프 (O)
G_010,9,X,4.4,MANUAL,[S4] 리드오프 (X)
G_011,5,-,5.75,ALWAYS,[S0] 대타 스페셜 (-)
G_011,6,-,6.9,ALWAYS,[S1] 대타 스페셜 (-)
G_011,7,-,8.05,ALWAYS,[S2] 대타 스페셜 (-)
G_011,8,-,9.2,ALWAYS,[S3] 대타 스페셜 (-)
G_011,9,-,10.35,ALWAYS,[S4] 대타 스페셜 (-)
G_012,5,-,0,ALWAYS,[S0] 리그의 강자 (-)
G_012,6,-,0,ALWAYS,[S1] 리그의 강자 (-)
G_012,7,-,0,ALWAYS,[S2] 리그의 강자 (-)
G_012,8,-,0,ALWAYS,[S3] 리그의 강자 (-)
G_012,9,-,0,ALWAYS,[S4] 리그의 강자 (-)
G_013,5,-,8.815,ALWAYS,[S0] 승부사 (-)
G_013,6,-,9.915,ALWAYS,[S1] 승부사 (-)
G_013,7,-,11.015,ALWAYS,[S2] 승부사 (-)
G_013,8,-,12.115,ALWAYS,[S3] 승부사 (-)
G_013,9,-,13.215,ALWAYS,[S4] 승부사 (-)
G_014,5,O,11.4,ORDER=6..9,[S0] 하위타선 (O)
G_014,5,X,5.4,!ORDER=6..9,[S0] 하위타선 (X)
G_014,6,O,13.5,ORDER=6..9,[S1] 하위타선 (O)
G_014,6,X,6.3,!ORDER=6..9,[S1] 하위타선 (X)
G_014,7,O,15.6,ORDER=6..9,[S2] 하위타선 (O)
G_014,7,X,7.2,!ORDER=6..9,[S2] 하위타선 (X)
G_014,8,O,17.7,ORDER=6..9,[S3] 하위타선 (O)
G_014,8,X,8.1,!ORDER=6..9,[S3] 하위타선 (X)
G_014,9,O,19.8,ORDER=6..9,[S4] 하위타선 (O)
G_014,9,X,9,!ORDER=6..9,[S4] 하위타선 (X)
G_015,5,명예의 전당,12,GRADE=HOF,[S0] 도전정신 (명예의 전당)
G_015,5,모먼트,13.88,MANUAL,[S0] 도전정신 (모먼트)
G_015,5,시그니처,12.94,MANUAL,[S0] 도전정신 (시그니처)
G_015,6,명예의 전당,14.4,GRADE=HOF,[S1] 도전정신 (명예의 전당)
G_015,6,모먼트,16.28,MANUAL,[S1] 도전정신 (모먼트)
G_015,6,시그니처,15.34,MANUAL,[S1] 도전정신 (시그니처)
G_015,7,명예의 전당,16.8,GRADE=HOF,[S2] 도전정신 (명예의 전당)
G_015,7,모먼트,18.68,MANUAL,[S2] 도전정신 (모먼트)
G_015,7,시그니처,17.74,MANUAL,[S2] 도전정신 (시그니처)
G_015,8,명예의 전당,19.2,GRADE=HOF,[S3] 도전정신 (명예의 전당)
G_015,8,모먼트,21.08,MANUAL,[S3] 도전정신 (모먼트)
G_015,8,시그니처,20.14,MANUAL,[S3] 도전정신 (시그니처)
G_015,9,명예의 전당,21.6,GRADE=HOF,[S4] 도전정신 (명예의 전당)
G_015,9,모먼트,23.48,MANUAL,[S4] 도전정신 (모먼트)
G_015,9,시그니처,22.54,MANUAL,[S4] 도전정신 (시그니처)
G_016,5,-,13.1,ALWAYS,[S0] 순위경쟁 (-)
G_016,6,-,15.5,ALWAYS,[S1] 순위경쟁 (-)
G_016,7,-,17.9,ALWAYS,[S2] 순위경쟁 (-)
G_016,8,-,20.3,ALWAYS,[S3] 순위경쟁 (-)
G_016,9,-,22.7,ALWAYS,[S4] 순위경쟁 (-)
G_017,5,O,14.1,ORDER=4..5,[S0] 중심타선 (O)
G_017,5,X,0,!ORDER=4..5,[S0] 중심타선 (X)
G_017,6,O,16.45,ORDER=4..5,[S1] 중심타선 (O)
G_017,6,X,0,!ORDER=4..5,[S1] 중심타선 (X)
G_017,7,O,18.8,ORDER=4..5,[S2] 중심타선 (O)
G_017,7,X,0,!ORDER=4..5,[S2] 중심타선 (X)
G_017,8,O,21.15,ORDER=4..5,[S3] 중심타선 (O)
G_017,8,X,0,!ORDER=4..5,[S3] 중심타선 (X)
G_017,9,O,23.5,ORDER=4..5,[S4] 중심타선 (O)
G_017,9,X,0,!ORDER=4..5,[S4] 중심타선 (X)
G_018,5,-,3.196791,ALWAYS,[S0] 후반집중력 (-)
G_018,6,-,3.72959,ALWAYS,[S1] 후반집중력 (-)
G_018,7,-,4.262388,ALWAYS,[S2] 후반집중력 (-)
G_018,8,-,4.795187,ALWAYS,[S3] 후반집중력 (-)
G_018,9,-,5.327985,ALWAYS,[S4] 후반집중력 (-)
G_019,5,O,7.8,ORDER=8..9,[S0] 수비 스페셜리스트 (O)
G_019,5,X,0,!ORDER=8..9,[S0] 수비 스페셜리스트 (X)
G_019,6,O,10.4,ORDER=8..9,[S1] 수비 스페셜리스트 (O)
G_019,6,X,0,!ORDER=8..9,[S1] 수비 스페셜리스트 (X)
G_019,7,O,13,ORDER=8..9,[S2] 수비 스페셜리스트 (O)
G_019,7,X,0,!ORDER=8..9,[S2] 수비 스페셜리스트 (X)
G_019,8,O,15.6,ORDER=8..9,[S3] 수비 스페셜리스트 (O)
G_019,8,X,0,!ORDER=8..9,[S3] 수비 스페셜리스트 (X)
G_019,9,O,18.2,ORDER=8..9,[S4] 수비 스페셜리스트 (O)
G_019,9,X,0,!ORDER=8..9,[S4] 수비 스페셜리스트 (X)
G_020,5,-,13.5,ALWAYS,[S0] 도전자 (-)
G_020,6,-,15.9,ALWAYS,[S1] 도전자 (-)
G_020,7,-,18.3,ALWAYS,[S2] 도전자 (-)
G_020,8,-,20.7,ALWAYS,[S3] 도전자 (-)
G_020,9,-,23.1,ALWAYS,[S4] 도전자 (-)
G_021,5,-,14.7,ALWAYS,[S0] 로드 워리어 (-)
G_021,6,-,19.05,ALWAYS,[S1] 로드 워리어 (-)
G_021,7,-,23.4,ALWAYS,[S2] 로드 워리어 (-)
G_021,8,-,27.75,ALWAYS,[S3] 로드 워리어 (-)
G_021,9,-,32.1,ALWAYS,[S4] 로드 워리어 (-)
G_022,5,-,7.65,ALWAYS,[S0] 승리의 함성 (-)
G_022,6,-,9,ALWAYS,[S1] 승리의 함성 (-)
G_022,7,-,10.35,ALWAYS,[S2] 승리의 함성 (-)
G_022,8,-,11.7,ALWAYS,[S3] 승리의 함성 (-)
G_022,9,-,13.05,ALWAYS,[S4] 승리의 함성 (-)
G_023,5,주수 200-249,8,STAT(주루+수비)=200..249,[S0] 5툴 플레이어 (주수 200-249)
G_023,5,주수 250-200,10,STAT(주루+수비)>=250,[S0] 5툴 플레이어 (주수 250-200)
G_023,5,주수 300-340,12,STAT(주루+수비)=300..340,[S0] 5툴 플레이어 (주수 300-340)
G_023,5,주수 350-399,14,STAT(주루+수비)=350..399,[S0] 5툴 플레이어 (주수 350-399)
G_023,6,주수 200-233,12,STAT(주루+수비)=200..233,[S1] 5툴 플레이어 (주수 200-233)
G_023,6,주수 234-266,14,STAT(주루+수비)=234..266,[S1] 5툴 플레이어 (주수 234-266)
G_023,6,주수 267-299,16,STAT(주루+수비)=267..299,[S1] 5툴 플레이어 (주수 267-299)
G_023,6,주수 300-333,18,STAT(주루+수비)=300..333,[S1] 5툴 플레이어 (주수 300-333)
G_023,6,주수 334-366,20,STAT(주루+수비)=334..366,[S1] 5툴 플레이어 (주수 334-366)
G_023,7,주수 200-233,12,STAT(주루+수비)=200..233,[S2] 5툴 플레이어 (주수 200-233)
G_023,7,주수 234-266,14,STAT(주루+수비)=234..266,[S2] 5툴 플레이어 (주수 234-266)
G_023,7,주수 267-299,16,STAT(주루+수비)=267..299,[S2] 5툴 플레이어 (주수 267-299)
G_023,7,주수 300-333,18,STAT(주루+수비)=300..333,[S2] 5툴 플레이어 (주수 300-333)
G_023,7,주수 334-366,20,STAT(주루+수비)=334..366,[S2] 5툴 플레이어 (주수 334-366)
G_023,8,주수 250-274,20,STAT(주루+수비)=250..274,[S3] 5툴 플레이어 (주수 250-274)
G_023,8,주수 275-299,22,STAT(주루+수비)=275..299,[S3] 5툴 플레이어 (주수 275-299)
G_023,8,주수 300-324,24,STAT(주루+수비)=300..324,[S3] 5툴 플레이어 (주수 300-324)
G_023,8,주수 325-349,26,STAT(주루+수비)=325..349,[S3] 5툴 플레이어 (주수 325-349)
G_023,8,주수 350-374,28,STAT(주루+수비)=350..374,[S3] 5툴 플레이어 (주수 350-374)
G_023,9,주수 250-274,20,STAT(주루+수비)=250..274,[S4] 5툴 플레이어 (주수 250-274)
G_023,9,주수 275-299,22,STAT(주루+수비)=275..299,[S4] 5툴 플레이어 (주수 275-299)
G_023,9,주수 300-324,24,STAT(주루+수비)=300..324,[S4] 5툴 플레이어 (주수 300-324)
G_023,9,주수 325-349,26,STAT(주루+수비)=325..349,[S4] 5툴 플레이어 (주수 325-349)
G_023,9,주수 350-374,28,STAT(주루+수비)=350..374,[S4] 5툴 플레이어 (주수 350-374)
G_024,5,-,9.6,ALWAYS,[S0] 베스트 플레이어 (-)
G_024,6,-,12,ALWAYS,[S1] 베스트 플레이어 (-)
G_024,7,-,16.8,ALWAYS,[S2] 베스트 플레이어 (-)
G_024,8,-,21.6,ALWAYS,[S3] 베스트 플레이어 (-)
G_024,9,-,26.4,ALWAYS,[S4] 베스트 플레이어 (-)
G_025,5,O,12.25,MANUAL,[S0] 컨택트 히터 (O)
G_025,5,X,7.05,MANUAL,[S0] 컨택트 히터 (X)
G_025,6,O,15.9,MANUAL,[S1] 컨택트 히터 (O)
G_025,6,X,9.4,MANUAL,[S1] 컨택트 히터 (X)
G_025,7,O,18.25,MANUAL,[S2] 컨택트 히터 (O)
G_025,7,X,11.75,MANUAL,[S2] 컨택트 히터 (X)
G_025,8,O,21.9,MANUAL,[S3] 컨택트 히터 (O)
G_025,8,X,14.1,MANUAL,[S3] 컨택트 히터 (X)
G_025,9,O,24.25,MANUAL,[S4] 컨택트 히터 (O)
G_025,9,X,16.45,MANUAL,[S4] 컨택트 히터 (X)
G_026,5,-,8.4,ALWAYS,[S0] 히어로 (-)
G_026,6,-,12,ALWAYS,[S1] 히어로 (-)
G_026,7,-,13.2,ALWAYS,[S2] 히어로 (-)
G_026,8,-,16.8,ALWAYS,[S3] 히어로 (-)
G_026,9,-,18,ALWAYS,[S4] 히어로 (-)
G_027,5,투수버프X,4.5,MANUAL,[S0] 포수 리드 (투수버프X)
G_027,6,투수버프X,5.4,MANUAL,[S1] 포수 리드 (투수버프X)
G_027,7,투수버프X,6.3,MANUAL,[S2] 포수 리드 (투수버프X)
G_027,8,투수버프X,7.2,MANUAL,[S3] 포수 리드 (투수버프X)
G_027,9,투수버프X,8.1,MANUAL,[S4] 포수 리드 (투수버프X)
G_028,5,-,10.933333,ALWAYS,[S0] 집중력 (-)
G_028,6,-,13.233333,ALWAYS,[S1] 집중력 (-)
G_028,7,-,15.533333,ALWAYS,[S2] 집중력 (-)
G_028,8,-,19.833333,ALWAYS,[S3] 집중력 (-)
G_028,9,-,22.133333,ALWAYS,[S4] 집중력 (-)
G_029,5,정주 200-299,10,STAT(정확+주루)=200..299,[S0] 호타준족 (정주 200-299)
G_029,5,정주 300-399,12,STAT(정확+주루)=300..399,[S0] 호타준족 (정주 300-399)
G_029,6,정주 200-249,14,STAT(정확+주루)=200..249,[S1] 호타준족 (정주 200-249)
G_029,6,정주 250-200,16,STAT(정확+주루)>=250,[S1] 호타준족 (정주 250-200)
G_029,6,정주 300-340,18,STAT(정확+주루)=300..340,[S1] 호타준족 (정주 300-340)
G_029,6,정주 350-399,20,STAT(정확+주루)=350..399,[S1] 호타준족 (정주 350-399)
G_029,7,정주 200-249,15.2,STAT(정확+주루)=200..249,[S2] 호타준족 (정주 200-249)
G_029,7,정주 250-200,17.2,STAT(정확+주루)>=250,[S2] 호타준족 (정주 250-200)
G_029,7,정주 300-340,19.2,STAT(정확+주루)=300..340,[S2] 호타준족 (정주 300-340)
G_029,7,정주 350-399,21.2,STAT(정확+주루)=350..399,[S2] 호타준족 (정주 350-399)
G_029,8,정주 200-233,19.2,STAT(정확+주루)=200..233,[S3] 호타준족 (정주 200-233)
G_029,8,정주 234-266,21.2,STAT(정확+주루)=234..266,[S3] 호타준족 (정주 234-266)
G_029,8,정주 267-299,23.2,STAT(정확+주루)=267..299,[S3] 호타준족 (정주 267-299)
G_029,8,정주 300-333,25.2,STAT(정확+주루)=300..333,[S3] 호타준족 (정주 300-333)
G_029,8,정주 334-366,27.2,STAT(정확+주루)=334..366,[S3] 호타준족 (정주 334-366)
G_029,9,정주 200-233,20.4,STAT(정확+주루)=200..233,[S4] 호타준족 (정주 200-233)
G_029,9,정주 234-266,22.4,STAT(정확+주루)=234..266,[S4] 호타준족 (정주 234-266)
G_029,9,정주 267-299,24.4,STAT(정확+주루)=267..299,[S4] 호타준족 (정주 267-299)
G_029,9,정주 300-333,26.4,STAT(정확+주루)=300..333,[S4] 호타준족 (정주 300-333)
G_029,9,정주 334-366,28.4,STAT(정확+주루)=334..366,[S4] 호타준족 (정주 334-366)
G_030,5,-,9.76496,ALWAYS,[S0] 투 스트라이크 히터 (-)
G_030,6,-,12.16496,ALWAYS,[S1] 투 스트라이크 히터 (-)
G_030,7,-,13.878122,ALWAYS,[S2] 투 스트라이크 히터 (-)
G_030,8,-,17.451945,ALWAYS,[S3] 투 스트라이크 히터 (-)
G_030,9,-,18.625767,ALWAYS,[S4] 투 스트라이크 히터 (-)
G_031,5,-,11.075096,ALWAYS,[S0] 어그레시브 히터 (-)
G_031,6,-,13.24387,ALWAYS,[S1] 어그레시브 히터 (-)
G_031,7,-,15.412644,ALWAYS,[S2] 어그레시브 히터 (-)
G_031,8,-,17.581419,ALWAYS,[S3] 어그레시브 히터 (-)
G_031,9,-,19.750193,ALWAYS,[S4] 어그레시브 히터 (-)
G_032,5,-,9.699442,ALWAYS,[S0] 컴백 히터 (-)
G_032,6,-,11.982683,ALWAYS,[S1] 컴백 히터 (-)
G_032,7,-,14.265923,ALWAYS,[S2] 컴백 히터 (-)
G_032,8,-,16.549164,ALWAYS,[S3] 컴백 히터 (-)
G_032,9,-,18.832404,ALWAYS,[S4] 컴백 히터 (-)
G_033,5,-,16.541374,ALWAYS,[S0] 빌드업 (-)
G_033,6,-,22.023974,ALWAYS,[S1] 빌드업 (-)
G_033,7,-,23.173974,ALWAYS,[S2] 빌드업 (-)
G_033,8,-,24.323974,ALWAYS,[S3] 빌드업 (-)
G_033,9,-,25.473974,ALWAYS,[S4] 빌드업 (-)
G_034,5,-,15.479986,ALWAYS,[S0] 오버페이스 (-)
G_034,6,-,16.679986,ALWAYS,[S1] 오버페이스 (-)
G_034,7,-,17.879986,ALWAYS,[S2] 오버페이스 (-)
G_034,8,-,19.079986,ALWAYS,[S3] 오버페이스 (-)
G_034,9,-,20.671713,ALWAYS,[S4] 오버페이스 (-)
G_035,5,-,9.9,ALWAYS,[S0] 컨택 스페셜리스트 (-)
G_035,6,-,12.85,ALWAYS,[S1] 컨택 스페셜리스트 (-)
G_035,7,-,15.8,ALWAYS,[S2] 컨택 스페셜리스트 (-)
G_035,8,-,18.75,ALWAYS,[S3] 컨택 스페셜리스트 (-)
G_035,9,-,19.9,ALWAYS,[S4] 컨택 스페셜리스트 (-)
G_036,5,-,11.2,ALWAYS,[S0] 주도권 장악 (-)
G_036,6,-,13.675,ALWAYS,[S1] 주도권 장악 (-)
G_036,7,-,16.15,ALWAYS,[S2] 주도권 장악 (-)
G_036,8,-,18.625,ALWAYS,[S3] 주도권 장악 (-)
G_036,9,-,21.1,ALWAYS,[S4] 주도권 장악 (-)
G_037,5,-,13.05,ALWAYS,[S0] 전방위 압박 (-)
G_037,6,-,14.25,ALWAYS,[S1] 전방위 압박 (-)
G_037,7,-,17.8,ALWAYS,[S2] 전방위 압박 (-)
G_037,8,-,19,ALWAYS,[S3] 전방위 압박 (-)
G_037,9,-,22.55,ALWAYS,[S4] 전방위 압박 (-)
G_038,5,스덱코 500-599,18.9,STAT(스페셜덱)=500..599,[S0] 결속력 (스덱코 500-599)
G_038,5,스덱코 600-699,21.3,STAT(스페셜덱)=600..699,[S0] 결속력 (스덱코 600-699)
G_038,5,스덱코 700-799,23.7,STAT(스페셜덱)=700..799,[S0] 결속력 (스덱코 700-799)
G_038,6,스덱코 500-599,20.05,STAT(스페셜덱)=500..599,[S1] 결속력 (스덱코 500-599)
G_038,6,스덱코 600-699,22.45,STAT(스페셜덱)=600..699,[S1] 결속력 (스덱코 600-699)
G_038,6,스덱코 700-799,24.85,STAT(스페셜덱)=700..799,[S1] 결속력 (스덱코 700-799)
G_038,7,스덱코 500-599,21.2,STAT(스페셜덱)=500..599,[S2] 결속력 (스덱코 500-599)
G_038,7,스덱코 600-699,23.6,STAT(스페셜덱)=600..699,[S2] 결속력 (스덱코 600-699)
G_038,7,스덱코 700-799,26,STAT(스페셜덱)=700..799,[S2] 결속력 (스덱코 700-799)
G_038,8,스덱코 500-599,22.35,STAT(스페셜덱)=500..599,[S3] 결속력 (스덱코 500-599)
G_038,8,스덱코 600-699,24.75,STAT(스페셜덱)=600..699,[S3] 결속력 (스덱코 600-699)
G_038,8,스덱코 700-799,27.15,STAT(스페셜덱)=700..799,[S3] 결속력 (스덱코 700-799)
G_038,9,스덱코 500-599,23.5,STAT(스페셜덱)=500..599,[S4] 결속력 (스덱코 500-599)
G_038,9,스덱코 600-699,25.9,STAT(스페셜덱)=600..699,[S4] 결속력 (스덱코 600-699)
G_038,9,스덱코 700-799,28.3,STAT(스페셜덱)=700..799,[S4] 결속력 (스덱코 700-799)
G_039,5,-,11.75,ALWAYS,[S0] 에이스  (-)
G_039,6,-,14.1,ALWAYS,[S1] 에이스  (-)
G_039,7,-,16.45,ALWAYS,[S2] 에이스  (-)
G_039,8,-,18.8,ALWAYS,[S3] 에이스  (-)
G_039,9,-,21.15,ALWAYS,[S4] 에이스  (-)
G_040,5,-,9.2,ALWAYS,[S0] 언터쳐블 (-)
G_040,6,-,10.35,ALWAYS,[S1] 언터쳐블 (-)
G_040,7,-,11.5,ALWAYS,[S2] 언터쳐블 (-)
G_040,8,-,12.65,ALWAYS,[S3] 언터쳐블 (-)
G_040,9,-,13.8,ALWAYS,[S4] 언터쳐블 (-)
G_041,5,마무리,0.538138,ROLE=CP,[S0] 타선지원 (마무리)
G_041,5,선발,4.253025,ROLE=SP,[S0] 타선지원 (선발)
G_041,5,중계,0.708837,ROLE=RP,[S0] 타선지원 (중계)
G_041,6,마무리,0.645765,ROLE=CP,[S1] 타선지원 (마무리)
G_041,6,선발,5.10363,ROLE=SP,[S1] 타선지원 (선발)
G_041,6,중계,0.850605,ROLE=RP,[S1] 타선지원 (중계)
G_041,7,마무리,0.753393,ROLE=CP,[S2] 타선지원 (마무리)
G_041,7,선발,5.954235,ROLE=SP,[S2] 타선지원 (선발)
G_041,7,중계,0.992372,ROLE=RP,[S2] 타선지원 (중계)
G_041,8,마무리,0.861021,ROLE=CP,[S3] 타선지원 (마무리)
G_041,8,선발,6.80484,ROLE=SP,[S3] 타선지원 (선발)
G_041,8,중계,1.13414,ROLE=RP,[S3] 타선지원 (중계)
G_041,9,마무리,0.968648,ROLE=CP,[S4] 타선지원 (마무리)
G_041,9,선발,7.655445,ROLE=SP,[S4] 타선지원 (선발)
G_041,9,중계,1.275907,ROLE=RP,[S4] 타선지원 (중계)
G_042,5,-,3.335,ALWAYS,[S0] 클러치 피처 (-)
G_042,6,-,4.002,ALWAYS,[S1] 클러치 피처 (-)
G_042,7,-,4.669,ALWAYS,[S2] 클러치 피처 (-)
G_042,8,-,5.336,ALWAYS,[S3] 클러치 피처 (-)
G_042,9,-,6.003,ALWAYS,[S4] 클러치 피처 (-)
G_043,5,마무리,10.978865,ROLE=CP,[S0] 흐름 끊기 (마무리)
G_043,5,선발,1.389163,ROLE=SP,[S0] 흐름 끊기 (선발)
G_043,5,중계,8.334975,ROLE=RP,[S0] 흐름 끊기 (중계)
G_043,6,마무리,12.808676,ROLE=CP,[S1] 흐름 끊기 (마무리)
G_043,6,선발,1.62069,ROLE=SP,[S1] 흐름 끊기 (선발)
G_043,6,중계,9.724138,ROLE=RP,[S1] 흐름 끊기 (중계)
G_043,7,마무리,14.638487,ROLE=CP,[S2] 흐름 끊기 (마무리)
G_043,7,선발,1.852217,ROLE=SP,[S2] 흐름 끊기 (선발)
G_043,7,중계,11.1133,ROLE=RP,[S2] 흐름 끊기 (중계)
G_043,8,마무리,16.468298,ROLE=CP,[S3] 흐름 끊기 (마무리)
G_043,8,선발,2.083744,ROLE=SP,[S3] 흐름 끊기 (선발)
G_043,8,중계,12.502463,ROLE=RP,[S3] 흐름 끊기 (중계)
G_043,9,마무리,18.298109,ROLE=CP,[S4] 흐름 끊기 (마무리)
G_043,9,선발,2.315271,ROLE=SP,[S4] 흐름 끊기 (선발)
G_043,9,중계,13.891626,ROLE=RP,[S4] 흐름 끊기 (중계)
G_044,5,-,9.2,ALWAYS,[S0] 아티스트 (-)
G_044,6,-,10.35,ALWAYS,[S1] 아티스트 (-)
G_044,7,-,11.5,ALWAYS,[S2] 아티스트 (-)
G_044,8,-,12.65,ALWAYS,[S3] 아티스트 (-)
G_044,9,-,13.8,ALWAYS,[S4] 아티스트 (-)
G_045,5,마무리,13.16,ROLE=CP,[S0] 패기 (마무리)
G_045,5,명전 선발,8.225,ROLE=SP&GRADE=HOF,[S0] 패기 (명전 선발)
G_045,5,일반 선발,9.87,ROLE=SP&!GRADE=HOF,[S0] 패기 (일반 선발)
G_045,5,중계,14.805,ROLE=RP,[S0] 패기 (중계)
G_045,6,마무리,15.04,ROLE=CP,[S1] 패기 (마무리)
G_045,6,명전 선발,9.4,ROLE=SP&GRADE=HOF,[S1] 패기 (명전 선발)
G_045,6,일반 선발,11.28,ROLE=SP&!GRADE=HOF,[S1] 패기 (일반 선발)
G_045,6,중계,16.92,ROLE=RP,[S1] 패기 (중계)
G_045,7,마무리,16.92,ROLE=CP,[S2] 패기 (마무리)
G_045,7,명전 선발,10.575,ROLE=SP&GRADE=HOF,[S2] 패기 (명전 선발)
G_045,7,일반 선발,12.69,ROLE=SP&!GRADE=HOF,[S2] 패기 (일반 선발)
G_045,7,중계,19.035,ROLE=RP,[S2] 패기 (중계)
G_045,8,마무리,18.8,ROLE=CP,[S3] 패기 (마무리)
G_045,8,명전 선발,11.75,ROLE=SP&GRADE=HOF,[S3] 패기 (명전 선발)
G_045,8,일반 선발,14.1,ROLE=SP&!GRADE=HOF,[S3] 패기 (일반 선발)
G_045,8,중계,21.15,ROLE=RP,[S3] 패기 (중계)
G_045,9,마무리,20.68,ROLE=CP,[S4] 패기 (마무리)
G_045,9,명전 선발,12.925,ROLE=SP&GRADE=HOF,[S4] 패기 (명전 선발)
G_045,9,일반 선발,15.51,ROLE=SP&!GRADE=HOF,[S4] 패기 (일반 선발)
G_045,9,중계,23.265,ROLE=RP,[S4] 패기 (중계)
G_046,5,마무리,14.1,ROLE=CP,[S0] 수호신 (마무리)
G_046,5,명전 선발,0,ROLE=SP&GRADE=HOF,[S0] 수호신 (명전 선발)
G_046,5,일반 선발,0,ROLE=SP&!GRADE=HOF,[S0] 수호신 (일반 선발)
G_046,5,중계,4.23,ROLE=RP,[S0] 수호신 (중계)
G_046,6,마무리,16.45,ROLE=CP,[S1] 수호신 (마무리)
G_046,6,명전 선발,0,ROLE=SP&GRADE=HOF,[S1] 수호신 (명전 선발)
G_046,6,일반 선발,0,ROLE=SP&!GRADE=HOF,[S1] 수호신 (일반 선발)
G_046,6,중계,4.935,ROLE=RP,[S1] 수호신 (중계)
G_046,7,마무리,18.8,ROLE=CP,[S2] 수호신 (마무리)
G_046,7,명전 선발,0,ROLE=SP&GRADE=HOF,[S2] 수호신 (명전 선발)
G_046,7,일반 선발,0,ROLE=SP&!GRADE=HOF,[S2] 수호신 (일반 선발)
G_046,7,중계,5.64,ROLE=RP,[S2] 수호신 (중계)
G_046,8,마무리,21.15,ROLE=CP,[S3] 수호신 (마무리)
G_046,8,명전 선발,0,ROLE=SP&GRADE=HOF,[S3] 수호신 (명전 선발)
G_046,8,일반 선발,0,ROLE=SP&!GRADE=HOF,[S3] 수호신 (일반 선발)
G_046,8,중계,6.345,ROLE=RP,[S3] 수호신 (중계)
G_046,9,마무리,23.5,ROLE=CP,[S4] 수호신 (마무리)
G_046,9,명전 선발,0,ROLE=SP&GRADE=HOF,[S4] 수호신 (명전 선발)
G_046,9,일반 선발,0,ROLE=SP&!GRADE=HOF,[S4] 수호신 (일반 선발)
G_046,9,중계,7.05,ROLE=RP,[S4] 수호신 (중계)
G_047,5,-,11.75,ALWAYS,[S0] 홈 어드밴티지 (-)
G_047,6,-,14.1,ALWAYS,[S1] 홈 어드밴티지 (-)
G_047,7,-,16.45,ALWAYS,[S2] 홈 어드밴티지 (-)
G_047,8,-,18.8,ALWAYS,[S3] 홈 어드밴티지 (-)
G_047,9,-,21.15,ALWAYS,[S4] 홈 어드밴티지 (-)
G_048,5,-,8.228571,ALWAYS,[S0] 첫 단추 (-)
G_048,6,-,9.8,ALWAYS,[S1] 첫 단추 (-)
G_048,7,-,11.371429,ALWAYS,[S2] 첫 단추 (-)
G_048,8,-,12.942857,ALWAYS,[S3] 첫 단추 (-)
G_048,9,-,14.514286,ALWAYS,[S4] 첫 단추 (-)
G_049,5,마무리,11.989433,ROLE=CP,[S0] 원포인트 릴리프 (마무리)
G_049,5,중계,10.667488,ROLE=RP,[S0] 원포인트 릴리프 (중계)
G_049,6,마무리,13.89937,ROLE=CP,[S1] 원포인트 릴리프 (마무리)
G_049,6,중계,12.430542,ROLE=RP,[S1] 원포인트 릴리프 (중계)
G_049,7,마무리,15.809307,ROLE=CP,[S2] 원포인트 릴리프 (마무리)
G_049,7,중계,14.193596,ROLE=RP,[S2] 원포인트 릴리프 (중계)
G_049,8,마무리,17.719244,ROLE=CP,[S3] 원포인트 릴리프 (마무리)
G_049,8,중계,15.95665,ROLE=RP,[S3] 원포인트 릴리프 (중계)
G_049,9,마무리,19.629181,ROLE=CP,[S4] 원포인트 릴리프 (마무리)
G_049,9,중계,17.719704,ROLE=RP,[S4] 원포인트 릴리프 (중계)
G_050,5,-,0,ALWAYS,[S0] 리그의 강자 (-)
G_050,6,-,0,ALWAYS,[S1] 리그의 강자 (-)
G_050,7,-,0,ALWAYS,[S2] 리그의 강자 (-)
G_050,8,-,0,ALWAYS,[S3] 리그의 강자 (-)
G_050,9,-,0,ALWAYS,[S4] 리그의 강자 (-)
G_051,5,-,8.001,ALWAYS,[S0] 승부사 (-)
G_051,6,-,9.201,ALWAYS,[S1] 승부사 (-)
G_051,7,-,10.401,ALWAYS,[S2] 승부사 (-)
G_051,8,-,11.601,ALWAYS,[S3] 승부사 (-)
G_051,9,-,12.801,ALWAYS,[S4] 승부사 (-)
G_052,5,선발 (O),7.477997,MANUAL,[S0] 라이징 스타 (선발 (O))
G_052,5,선발 (X),6.9,MANUAL,[S0] 라이징 스타 (선발 (X))
G_052,5,중계 (O),10.36798,MANUAL,[S0] 라이징 스타 (중계 (O))
G_052,5,중계 (X),6.9,MANUAL,[S0] 라이징 스타 (중계 (X))
G_052,6,선발 (O),8.627997,MANUAL,[S1] 라이징 스타 (선발 (O))
G_052,6,선발 (X),8.05,MANUAL,[S1] 라이징 스타 (선발 (X))
G_052,6,중계 (O),11.51798,MANUAL,[S1] 라이징 스타 (중계 (O))
G_052,6,중계 (X),8.05,MANUAL,[S1] 라이징 스타 (중계 (X))
G_052,7,선발 (O),9.777997,MANUAL,[S2] 라이징 스타 (선발 (O))
G_052,7,선발 (X),9.2,MANUAL,[S2] 라이징 스타 (선발 (X))
G_052,7,중계 (O),12.66798,MANUAL,[S2] 라이징 스타 (중계 (O))
G_052,7,중계 (X),9.2,MANUAL,[S2] 라이징 스타 (중계 (X))
G_052,8,선발 (O),10.927997,MANUAL,[S3] 라이징 스타 (선발 (O))
G_052,8,선발 (X),10.35,MANUAL,[S3] 라이징 스타 (선발 (X))
G_052,8,중계 (O),13.81798,MANUAL,[S3] 라이징 스타 (중계 (O))
G_052,8,중계 (X),10.35,MANUAL,[S3] 라이징 스타 (중계 (X))
G_052,9,선발 (O),12.077997,MANUAL,[S4] 라이징 스타 (선발 (O))
G_052,9,선발 (X),11.5,MANUAL,[S4] 라이징 스타 (선발 (X))
G_052,9,중계 (O),14.96798,MANUAL,[S4] 라이징 스타 (중계 (O))
G_052,9,중계 (X),11.5,MANUAL,[S4] 라이징 스타 (중계 (X))
G_053,5,명예의 전당,11.75,GRADE=HOF,[S0] 도전정신 (명예의 전당)
G_053,5,모먼트,13.67,MANUAL,[S0] 도전정신 (모먼트)
G_053,5,시그니처,12.71,MANUAL,[S0] 도전정신 (시그니처)
G_053,6,명예의 전당,14.1,GRADE=HOF,[S1] 도전정신 (명예의 전당)
G_053,6,모먼트,16.02,MANUAL,[S1] 도전정신 (모먼트)
G_053,6,시그니처,15.06,MANUAL,[S1] 도전정신 (시그니처)
G_053,7,명예의 전당,16.45,GRADE=HOF,[S2] 도전정신 (명예의 전당)
G_053,7,모먼트,18.37,MANUAL,[S2] 도전정신 (모먼트)
G_053,7,시그니처,17.41,MANUAL,[S2] 도전정신 (시그니처)
G_053,8,명예의 전당,18.8,GRADE=HOF,[S3] 도전정신 (명예의 전당)
G_053,8,모먼트,20.72,MANUAL,[S3] 도전정신 (모먼트)
G_053,8,시그니처,19.76,MANUAL,[S3] 도전정신 (시그니처)
G_053,9,명예의 전당,21.15,GRADE=HOF,[S4] 도전정신 (명예의 전당)
G_053,9,모먼트,23.07,MANUAL,[S4] 도전정신 (모먼트)
G_053,9,시그니처,22.11,MANUAL,[S4] 도전정신 (시그니처)
G_054,5,-,14.1,ALWAYS,[S0] 순위경쟁 (-)
G_054,6,-,16.45,ALWAYS,[S1] 순위경쟁 (-)
G_054,7,-,18.8,ALWAYS,[S2] 순위경쟁 (-)
G_054,8,-,21.15,ALWAYS,[S3] 순위경쟁 (-)
G_054,9,-,23.5,ALWAYS,[S4] 순위경쟁 (-)
G_055,5,-,12.342857,ALWAYS,[S0] 퀄리티 스타트 (-)
G_055,6,-,14.4,ALWAYS,[S1] 퀄리티 스타트 (-)
G_055,7,-,16.457143,ALWAYS,[S2] 퀄리티 스타트 (-)
G_055,8,-,18.514286,ALWAYS,[S3] 퀄리티 스타트 (-)
G_055,9,-,20.571429,ALWAYS,[S4] 퀄리티 스타트 (-)
G_056,5,롱 릴리프,5.674877,RELIEVER=LONG,[S0] 필승조 (롱 릴리프)
G_056,5,승리조,7.661084,RELIEVER=WIN,[S0] 필승조 (승리조)
G_056,5,추격조,2.553695,RELIEVER=CHASE,[S0] 필승조 (추격조)
G_056,6,롱 릴리프,6.62069,RELIEVER=LONG,[S1] 필승조 (롱 릴리프)
G_056,6,승리조,8.937931,RELIEVER=WIN,[S1] 필승조 (승리조)
G_056,6,추격조,2.97931,RELIEVER=CHASE,[S1] 필승조 (추격조)
G_056,7,롱 릴리프,7.566502,RELIEVER=LONG,[S2] 필승조 (롱 릴리프)
G_056,7,승리조,10.214778,RELIEVER=WIN,[S2] 필승조 (승리조)
G_056,7,추격조,3.404926,RELIEVER=CHASE,[S2] 필승조 (추격조)
G_056,8,롱 릴리프,8.512315,RELIEVER=LONG,[S3] 필승조 (롱 릴리프)
G_056,8,승리조,11.491626,RELIEVER=WIN,[S3] 필승조 (승리조)
G_056,8,추격조,3.830542,RELIEVER=CHASE,[S3] 필승조 (추격조)
G_056,9,롱 릴리프,9.458128,RELIEVER=LONG,[S4] 필승조 (롱 릴리프)
G_056,9,승리조,12.768473,RELIEVER=WIN,[S4] 필승조 (승리조)
G_056,9,추격조,4.256158,RELIEVER=CHASE,[S4] 필승조 (추격조)
G_057,5,지 100-119,14.1,STAT(지구력)=100..119,[S0] 하드 트레이닝 (지 100-119)
G_057,5,지 120-139,16.45,STAT(지구력)=120..139,[S0] 하드 트레이닝 (지 120-139)
G_057,5,지 140-159,18.8,STAT(지구력)=140..159,[S0] 하드 트레이닝 (지 140-159)
G_057,5,지 160-179,21.15,STAT(지구력)=160..179,[S0] 하드 트레이닝 (지 160-179)
G_057,5,지 180-200,23.5,STAT(지구력)=180..200,[S0] 하드 트레이닝 (지 180-200)
G_057,6,지 100-116,16.45,STAT(지구력)=100..116,[S1] 하드 트레이닝 (지 100-116)
G_057,6,지 117-133,18.8,STAT(지구력)=117..133,[S1] 하드 트레이닝 (지 117-133)
G_057,6,지 134-149,21.15,STAT(지구력)=134..149,[S1] 하드 트레이닝 (지 134-149)
G_057,6,지 150-166,23.5,STAT(지구력)=150..166,[S1] 하드 트레이닝 (지 150-166)
G_057,6,지 167-183,25.85,STAT(지구력)=167..183,[S1] 하드 트레이닝 (지 167-183)
G_057,6,지 184-200,28.2,STAT(지구력)=184..200,[S1] 하드 트레이닝 (지 184-200)
G_057,7,지 100-116,16.45,STAT(지구력)=100..116,[S2] 하드 트레이닝 (지 100-116)
G_057,7,지 117-133,18.8,STAT(지구력)=117..133,[S2] 하드 트레이닝 (지 117-133)
G_057,7,지 134-149,21.15,STAT(지구력)=134..149,[S2] 하드 트레이닝 (지 134-149)
G_057,7,지 150-166,23.5,STAT(지구력)=150..166,[S2] 하드 트레이닝 (지 150-166)
G_057,7,지 167-183,25.85,STAT(지구력)=167..183,[S2] 하드 트레이닝 (지 167-183)
G_057,7,지 184-200,28.2,STAT(지구력)=184..200,[S2] 하드 트레이닝 (지 184-200)
G_057,8,지 100-116,16.45,STAT(지구력)=100..116,[S3] 하드 트레이닝 (지 100-116)
G_057,8,지 117-133,18.8,STAT(지구력)=117..133,[S3] 하드 트레이닝 (지 117-133)
G_057,8,지 134-149,21.15,STAT(지구력)=134..149,[S3] 하드 트레이닝 (지 134-149)
G_057,8,지 150-166,23.5,STAT(지구력)=150..166,[S3] 하드 트레이닝 (지 150-166)
G_057,8,지 167-183,25.85,STAT(지구력)=167..183,[S3] 하드 트레이닝 (지 167-183)
G_057,8,지 184-200,28.2,STAT(지구력)=184..200,[S3] 하드 트레이닝 (지 184-200)
G_057,9,지 100-116,16.45,STAT(지구력)=100..116,[S4] 하드 트레이닝 (지 100-116)
G_057,9,지 117-133,18.8,STAT(지구력)=117..133,[S4] 하드 트레이닝 (지 117-133)
G_057,9,지 134-149,21.15,STAT(지구력)=134..149,[S4] 하드 트레이닝 (지 134-149)
G_057,9,지 150-166,23.5,STAT(지구력)=150..166,[S4] 하드 트레이닝 (지 150-166)
G_057,9,지 167-183,25.85,STAT(지구력)=167..183,[S4] 하드 트레이닝 (지 167-183)
G_057,9,지 184-200,28.2,STAT(지구력)=184..200,[S4] 하드 트레이닝 (지 184-200)
G_058,5,-,9.4,ALWAYS,[S0] 베스트 플레이어 (-)
G_058,6,-,11.75,ALWAYS,[S1] 베스트 플레이어 (-)
G_058,7,-,16.45,ALWAYS,[S2] 베스트 플레이어 (-)
G_058,8,-,21.15,ALWAYS,[S3] 베스트 플레이어 (-)
G_058,9,-,25.85,ALWAYS,[S4] 베스트 플레이어 (-)
G_059,5,-,14.1,ALWAYS,[S0] 전문화 (-)
G_059,6,-,16.45,ALWAYS,[S1] 전문화 (-)
G_059,7,-,18.8,ALWAYS,[S2] 전문화 (-)
G_059,8,-,21.15,ALWAYS,[S3] 전문화 (-)
G_059,9,-,23.5,ALWAYS,[S4] 전문화 (-)
G_060,5,-,8.225,ALWAYS,[S0] 히어로 (-)
G_060,6,-,11.75,ALWAYS,[S1] 히어로 (-)
G_060,7,-,12.925,ALWAYS,[S2] 히어로 (-)
G_060,8,-,16.45,ALWAYS,[S3] 히어로 (-)
G_060,9,-,17.625,ALWAYS,[S4] 히어로 (-)
G_061,5,-,12.95,ALWAYS,[S0] 도전자 (-)
G_061,6,-,15.3,ALWAYS,[S1] 도전자 (-)
G_061,7,-,17.65,ALWAYS,[S2] 도전자 (-)
G_061,8,-,20,ALWAYS,[S3] 도전자 (-)
G_061,9,-,22.35,ALWAYS,[S4] 도전자 (-)
G_062,5,-,15.75,ALWAYS,[S0] 로드 워리어 (-)
G_062,6,-,20.1,ALWAYS,[S1] 로드 워리어 (-)
G_062,7,-,24.45,ALWAYS,[S2] 로드 워리어 (-)
G_062,8,-,28.8,ALWAYS,[S3] 로드 워리어 (-)
G_062,9,-,33.15,ALWAYS,[S4] 로드 워리어 (-)
G_063,5,-,23.8,ALWAYS,[S0] 더블 스토퍼 (-)
G_063,6,-,28.55,ALWAYS,[S1] 더블 스토퍼 (-)
G_063,7,-,33.3,ALWAYS,[S2] 더블 스토퍼 (-)
G_063,8,-,38.05,ALWAYS,[S3] 더블 스토퍼 (-)
G_063,9,-,42.8,ALWAYS,[S4] 더블 스토퍼 (-)
G_064,5,O,11.7,PSLOT=1..2,[S0] 원투펀치 (O)
G_064,5,X,7.2,!PSLOT=1..2,[S0] 원투펀치 (X)
G_064,6,O,15,PSLOT=1..2,[S1] 원투펀치 (O)
G_064,6,X,9.6,!PSLOT=1..2,[S1] 원투펀치 (X)
G_064,7,O,18.3,PSLOT=1..2,[S2] 원투펀치 (O)
G_064,7,X,12,!PSLOT=1..2,[S2] 원투펀치 (X)
G_064,8,O,21.6,PSLOT=1..2,[S3] 원투펀치 (O)
G_064,8,X,14.4,!PSLOT=1..2,[S3] 원투펀치 (X)
G_064,9,O,23.7,PSLOT=1..2,[S4] 원투펀치 (O)
G_064,9,X,15.6,!PSLOT=1..2,[S4] 원투펀치 (X)
G_065,5,롱 릴리프,11.35,RELIEVER=LONG,[S0] 승리의 함성 (롱 릴리프)
G_065,5,마무리,13.31,ROLE=CP,[S0] 승리의 함성 (마무리)
G_065,5,선발,8.27,ROLE=SP,[S0] 승리의 함성 (선발)
G_065,5,승리조,11.63,RELIEVER=WIN,[S0] 승리의 함성 (승리조)
G_065,5,추격조,6.59,RELIEVER=CHASE,[S0] 승리의 함성 (추격조)
G_065,6,롱 릴리프,13.3,RELIEVER=LONG,[S1] 승리의 함성 (롱 릴리프)
G_065,6,마무리,15.54,ROLE=CP,[S1] 승리의 함성 (마무리)
G_065,6,선발,9.78,ROLE=SP,[S1] 승리의 함성 (선발)
G_065,6,승리조,13.62,RELIEVER=WIN,[S1] 승리의 함성 (승리조)
G_065,6,추격조,7.86,RELIEVER=CHASE,[S1] 승리의 함성 (추격조)
G_065,7,롱 릴리프,15.25,RELIEVER=LONG,[S2] 승리의 함성 (롱 릴리프)
G_065,7,마무리,17.77,ROLE=CP,[S2] 승리의 함성 (마무리)
G_065,7,선발,11.29,ROLE=SP,[S2] 승리의 함성 (선발)
G_065,7,승리조,15.61,RELIEVER=WIN,[S2] 승리의 함성 (승리조)
G_065,7,추격조,9.13,RELIEVER=CHASE,[S2] 승리의 함성 (추격조)
G_065,8,롱 릴리프,17.2,RELIEVER=LONG,[S3] 승리의 함성 (롱 릴리프)
G_065,8,마무리,20,ROLE=CP,[S3] 승리의 함성 (마무리)
G_065,8,선발,12.8,ROLE=SP,[S3] 승리의 함성 (선발)
G_065,8,승리조,17.6,RELIEVER=WIN,[S3] 승리의 함성 (승리조)
G_065,8,추격조,10.4,RELIEVER=CHASE,[S3] 승리의 함성 (추격조)
G_065,9,롱 릴리프,19.15,RELIEVER=LONG,[S4] 승리의 함성 (롱 릴리프)
G_065,9,마무리,22.23,ROLE=CP,[S4] 승리의 함성 (마무리)
G_065,9,선발,14.31,ROLE=SP,[S4] 승리의 함성 (선발)
G_065,9,승리조,19.59,RELIEVER=WIN,[S4] 승리의 함성 (승리조)
G_065,9,추격조,11.67,RELIEVER=CHASE,[S4] 승리의 함성 (추격조)
G_066,5,-,9.16241,ALWAYS,[S0] 위닝샷 (-)
G_066,6,-,12.216546,ALWAYS,[S1] 위닝샷 (-)
G_066,7,-,15.270683,ALWAYS,[S2] 위닝샷 (-)
G_066,8,-,18.324819,ALWAYS,[S3] 위닝샷 (-)
G_066,9,-,21.378956,ALWAYS,[S4] 위닝샷 (-)
G_067,5,-,10.7,ALWAYS,[S0] 집중력 (-)
G_067,6,-,11.64,ALWAYS,[S1] 집중력 (-)
G_067,7,-,14.58,ALWAYS,[S2] 집중력 (-)
G_067,8,-,17.52,ALWAYS,[S3] 집중력 (-)
G_067,9,-,20.46,ALWAYS,[S4] 집중력 (-)
G_068,5,변제 200-299,10.2,STAT(변화+제구)=200..299,[S0] 핀포인트 컨트롤 (변제 200-299)
G_068,5,변제 300-399,12.55,STAT(변화+제구)=300..399,[S0] 핀포인트 컨트롤 (변제 300-399)
G_068,6,변제 200-249,14.9,STAT(변화+제구)=200..249,[S1] 핀포인트 컨트롤 (변제 200-249)
G_068,6,변제 250-200,17.25,STAT(변화+제구)>=250,[S1] 핀포인트 컨트롤 (변제 250-200)
G_068,6,변제 300-340,19.6,STAT(변화+제구)=300..340,[S1] 핀포인트 컨트롤 (변제 300-340)
G_068,6,변제 350-399,21.95,STAT(변화+제구)=350..399,[S1] 핀포인트 컨트롤 (변제 350-399)
G_068,7,변제 200-249,16,STAT(변화+제구)=200..249,[S2] 핀포인트 컨트롤 (변제 200-249)
G_068,7,변제 250-200,18.35,STAT(변화+제구)>=250,[S2] 핀포인트 컨트롤 (변제 250-200)
G_068,7,변제 300-340,20.7,STAT(변화+제구)=300..340,[S2] 핀포인트 컨트롤 (변제 300-340)
G_068,7,변제 350-399,23.05,STAT(변화+제구)=350..399,[S2] 핀포인트 컨트롤 (변제 350-399)
G_068,8,변제 200-233,20.7,STAT(변화+제구)=200..233,[S3] 핀포인트 컨트롤 (변제 200-233)
G_068,8,변제 234-266,23.05,STAT(변화+제구)=234..266,[S3] 핀포인트 컨트롤 (변제 234-266)
G_068,8,변제 267-299,25.4,STAT(변화+제구)=267..299,[S3] 핀포인트 컨트롤 (변제 267-299)
G_068,8,변제 300-333,27.75,STAT(변화+제구)=300..333,[S3] 핀포인트 컨트롤 (변제 300-333)
G_068,8,변제 334-366,30.1,STAT(변화+제구)=334..366,[S3] 핀포인트 컨트롤 (변제 334-366)
G_068,9,변제 200-233,21.8,STAT(변화+제구)=200..233,[S4] 핀포인트 컨트롤 (변제 200-233)
G_068,9,변제 234-266,24.15,STAT(변화+제구)=234..266,[S4] 핀포인트 컨트롤 (변제 234-266)
G_068,9,변제 267-299,26.5,STAT(변화+제구)=267..299,[S4] 핀포인트 컨트롤 (변제 267-299)
G_068,9,변제 300-333,28.85,STAT(변화+제구)=300..333,[S4] 핀포인트 컨트롤 (변제 300-333)
G_068,9,변제 334-366,31.2,STAT(변화+제구)=334..366,[S4] 핀포인트 컨트롤 (변제 334-366)
G_069,5,O,16.6,PSLOT=1,[S0] 유일무이 (O)
G_069,5,X,7.2,!PSLOT=1,[S0] 유일무이 (X)
G_069,6,O,21.35,PSLOT=1,[S1] 유일무이 (O)
G_069,6,X,9.6,!PSLOT=1,[S1] 유일무이 (X)
G_069,7,O,28.45,PSLOT=1,[S2] 유일무이 (O)
G_069,7,X,12,!PSLOT=1,[S2] 유일무이 (X)
G_069,8,O,35.55,PSLOT=1,[S3] 유일무이 (O)
G_069,8,X,14.4,!PSLOT=1,[S3] 유일무이 (X)
G_069,9,O,40.3,PSLOT=1,[S4] 유일무이 (O)
G_069,9,X,16.8,!PSLOT=1,[S4] 유일무이 (X)
G_070,5,-,9.75,ALWAYS,[S0] 주도권 장악 (-)
G_070,6,-,11.9,ALWAYS,[S1] 주도권 장악 (-)
G_070,7,-,14.05,ALWAYS,[S2] 주도권 장악 (-)
G_070,8,-,16.2,ALWAYS,[S3] 주도권 장악 (-)
G_070,9,-,18.35,ALWAYS,[S4] 주도권 장악 (-)
G_071,5,-,13.075,ALWAYS,[S0] 전방위 압박 (-)
G_071,6,-,14.25,ALWAYS,[S1] 전방위 압박 (-)
G_071,7,-,17.825,ALWAYS,[S2] 전방위 압박 (-)
G_071,8,-,19,ALWAYS,[S3] 전방위 압박 (-)
G_071,9,-,22.575,ALWAYS,[S4] 전방위 압박 (-)
G_072,5,스덱코 500-599,17.15,STAT(스페셜덱)=500..599,[S0] 결속력 (스덱코 500-599)
G_072,5,스덱코 600-699,19.5,STAT(스페셜덱)=600..699,[S0] 결속력 (스덱코 600-699)
G_072,5,스덱코 700-799,21.85,STAT(스페셜덱)=700..799,[S0] 결속력 (스덱코 700-799)
G_072,6,스덱코 500-599,18.05,STAT(스페셜덱)=500..599,[S1] 결속력 (스덱코 500-599)
G_072,6,스덱코 600-699,20.4,STAT(스페셜덱)=600..699,[S1] 결속력 (스덱코 600-699)
G_072,6,스덱코 700-799,22.75,STAT(스페셜덱)=700..799,[S1] 결속력 (스덱코 700-799)
G_072,7,스덱코 500-599,18.95,STAT(스페셜덱)=500..599,[S2] 결속력 (스덱코 500-599)
G_072,7,스덱코 600-699,21.3,STAT(스페셜덱)=600..699,[S2] 결속력 (스덱코 600-699)
G_072,7,스덱코 700-799,23.65,STAT(스페셜덱)=700..799,[S2] 결속력 (스덱코 700-799)
G_072,8,스덱코 500-599,19.85,STAT(스페셜덱)=500..599,[S3] 결속력 (스덱코 500-599)
G_072,8,스덱코 600-699,22.2,STAT(스페셜덱)=600..699,[S3] 결속력 (스덱코 600-699)
G_072,8,스덱코 700-799,24.55,STAT(스페셜덱)=700..799,[S3] 결속력 (스덱코 700-799)
G_072,9,스덱코 500-599,20.75,STAT(스페셜덱)=500..599,[S4] 결속력 (스덱코 500-599)
G_072,9,스덱코 600-699,23.1,STAT(스페셜덱)=600..699,[S4] 결속력 (스덱코 600-699)
G_072,9,스덱코 700-799,25.45,STAT(스페셜덱)=700..799,[S4] 결속력 (스덱코 700-799)
G_073,5,-,12.05,ALWAYS,[S0] 체이스 존 (-)
G_073,6,-,13.2,ALWAYS,[S1] 체이스 존 (-)
G_073,7,-,16.35,ALWAYS,[S2] 체이스 존 (-)
G_073,8,-,17.5,ALWAYS,[S3] 체이스 존 (-)
G_073,9,-,20.65,ALWAYS,[S4] 체이스 존 (-)
G_074,5,마무리,20.95,ROLE=CP,[S0] 빌드업 (마무리)
G_074,5,선발,13.9,ROLE=SP,[S0] 빌드업 (선발)
G_074,5,중계,17.66,ROLE=RP,[S0] 빌드업 (중계)
G_074,6,마무리,21.85,ROLE=CP,[S1] 빌드업 (마무리)
G_074,6,선발,14.8,ROLE=SP,[S1] 빌드업 (선발)
G_074,6,중계,18.56,ROLE=RP,[S1] 빌드업 (중계)
G_074,7,마무리,22.75,ROLE=CP,[S2] 빌드업 (마무리)
G_074,7,선발,15.7,ROLE=SP,[S2] 빌드업 (선발)
G_074,7,중계,19.46,ROLE=RP,[S2] 빌드업 (중계)
G_074,8,마무리,23.65,ROLE=CP,[S3] 빌드업 (마무리)
G_074,8,선발,16.6,ROLE=SP,[S3] 빌드업 (선발)
G_074,8,중계,20.36,ROLE=RP,[S3] 빌드업 (중계)
G_074,9,마무리,24.55,ROLE=CP,[S4] 빌드업 (마무리)
G_074,9,선발,17.5,ROLE=SP,[S4] 빌드업 (선발)
G_074,9,중계,21.26,ROLE=RP,[S4] 빌드업 (중계)
G_075,5,마무리,10.2,ROLE=CP,[S0] 오버페이스 (마무리)
G_075,5,선발,18.257143,ROLE=SP,[S0] 오버페이스 (선발)
G_075,5,중계,15.135,ROLE=RP,[S0] 오버페이스 (중계)
G_075,6,마무리,11.3,ROLE=CP,[S1] 오버페이스 (마무리)
G_075,6,선발,19.357143,ROLE=SP,[S1] 오버페이스 (선발)
G_075,6,중계,16.235,ROLE=RP,[S1] 오버페이스 (중계)
G_075,7,마무리,12.4,ROLE=CP,[S2] 오버페이스 (마무리)
G_075,7,선발,20.457143,ROLE=SP,[S2] 오버페이스 (선발)
G_075,7,중계,17.335,ROLE=RP,[S2] 오버페이스 (중계)
G_075,8,마무리,13.5,ROLE=CP,[S3] 오버페이스 (마무리)
G_075,8,선발,21.557143,ROLE=SP,[S3] 오버페이스 (선발)
G_075,8,중계,18.435,ROLE=RP,[S3] 오버페이스 (중계)
G_075,9,마무리,14.6,ROLE=CP,[S4] 오버페이스 (마무리)
G_075,9,선발,22.657143,ROLE=SP,[S4] 오버페이스 (선발)
G_075,9,중계,19.535,ROLE=RP,[S4] 오버페이스 (중계)
G_076,5,-,9.7195,ALWAYS,[S0] 손끝의 열기 (-)
G_076,6,-,12.62925,ALWAYS,[S1] 손끝의 열기 (-)
G_076,7,-,15.539,ALWAYS,[S2] 손끝의 열기 (-)
G_076,8,-,18.44875,ALWAYS,[S3] 손끝의 열기 (-)
G_076,9,-,21.3585,ALWAYS,[S4] 손끝의 열기 (-)
HOF_001,5,-,19.313677,ALWAYS,[S0] 슬로우 스타터 (-)
HOF_001,6,-,22.751946,ALWAYS,[S1] 슬로우 스타터 (-)
HOF_002,5,-,31.9,ALWAYS,[S0] 레코드 홀더 (-)
HOF_002,6,-,36.65,ALWAYS,[S1] 레코드 홀더 (-)
HOF_003,5,-,18.8,ALWAYS,[S0] 리그의 지배자 (-)
HOF_003,6,-,21.15,ALWAYS,[S1] 리그의 지배자 (-)
HOF_004,5,"O, 정 100-149",30.15,ORDER=1..2&STAT(정확)=100..149,"[S0] 스피드&컨택 (O, 정 100-149)"
HOF_004,5,"O, 정 150-200",32.15,ORDER=1..2&STAT(정확)=150..200,"[S0] 스피드&컨택 (O, 정 150-200)"
HOF_004,5,"O, 정 200-249",34.15,ORDER=1..2&STAT(정확)=200..249,"[S0] 스피드&컨택 (O, 정 200-249)"
HOF_004,5,"X, 정 100-149",15.75,!ORDER=1..2&STAT(정확)=100..149,"[S0] 스피드&컨택 (X, 정 100-149)"
HOF_004,5,"X, 정 150-200",17.75,!ORDER=1..2&STAT(정확)=150..200,"[S0] 스피드&컨택 (X, 정 150-200)"
HOF_004,5,"X, 정 200-249",19.75,!ORDER=1..2&STAT(정확)=200..249,"[S0] 스피드&컨택 (X, 정 200-249)"
HOF_004,6,"O, 정 134-166",36.55,ORDER=1..2&STAT(정확)=134..166,"[S1] 스피드&컨택 (O, 정 134-166)"
HOF_004,6,"O, 정 167-199",38.55,ORDER=1..2&STAT(정확)=167..199,"[S1] 스피드&컨택 (O, 정 167-199)"
HOF_004,6,"O, 정 200-233",40.55,ORDER=1..2&STAT(정확)=200..233,"[S1] 스피드&컨택 (O, 정 200-233)"
HOF_004,6,"X, 정 134-166",19.75,!ORDER=1..2&STAT(정확)=134..166,"[S1] 스피드&컨택 (X, 정 134-166)"
HOF_004,6,"X, 정 167-199",21.75,!ORDER=1..2&STAT(정확)=167..199,"[S1] 스피드&컨택 (X, 정 167-199)"
HOF_004,6,"X, 정 200-233",23.75,!ORDER=1..2&STAT(정확)=200..233,"[S1] 스피드&컨택 (X, 정 200-233)"
HOF_005,5,O,33,ORDER=4..5,[S0] 장타 본능 (O)
HOF_005,5,X,14.1,!ORDER=4..5,[S0] 장타 본능 (X)
HOF_005,6,O,38.5,ORDER=4..5,[S1] 장타 본능 (O)
HOF_005,6,X,16.45,!ORDER=4..5,[S1] 장타 본능 (X)
HOF_006,5,"O, 정 100-149",32.5,ORDER=8..9&STAT(정확)=100..149,"[S0] 숨은 위협 (O, 정 100-149)"
HOF_006,5,"O, 정 150-200",34.5,ORDER=8..9&STAT(정확)=150..200,"[S0] 숨은 위협 (O, 정 150-200)"
HOF_006,5,"O, 정 200-249",36.5,ORDER=8..9&STAT(정확)=200..249,"[S0] 숨은 위협 (O, 정 200-249)"
HOF_006,5,"X, 정 100-149",18.4,!ORDER=8..9&STAT(정확)=100..149,"[S0] 숨은 위협 (X, 정 100-149)"
HOF_006,5,"X, 정 150-200",20.4,!ORDER=8..9&STAT(정확)=150..200,"[S0] 숨은 위협 (X, 정 150-200)"
HOF_006,5,"X, 정 200-249",22.4,!ORDER=8..9&STAT(정확)=200..249,"[S0] 숨은 위협 (X, 정 200-249)"
HOF_006,6,"O, 정 134-166",36.5,ORDER=8..9&STAT(정확)=134..166,"[S1] 숨은 위협 (O, 정 134-166)"
HOF_006,6,"O, 정 167-199",38.5,ORDER=8..9&STAT(정확)=167..199,"[S1] 숨은 위협 (O, 정 167-199)"
HOF_006,6,"O, 정 200-233",40.5,ORDER=8..9&STAT(정확)=200..233,"[S1] 숨은 위협 (O, 정 200-233)"
HOF_006,6,"X, 정 134-166",22.4,!ORDER=8..9&STAT(정확)=134..166,"[S1] 숨은 위협 (X, 정 134-166)"
HOF_006,6,"X, 정 167-199",24.4,!ORDER=8..9&STAT(정확)=167..199,"[S1] 숨은 위협 (X, 정 167-199)"
HOF_006,6,"X, 정 200-233",26.4,!ORDER=8..9&STAT(정확)=200..233,"[S1] 숨은 위협 (X, 정 200-233)"
HOF_007,5,-,17.4,ALWAYS,[S0] 게임 체인저 (-)
HOF_007,6,-,19.87,ALWAYS,[S1] 게임 체인저 (-)
HOF_008,5,정 100-149,18.43,STAT(정확)=100..149,[S0] 자유 스윙 (정 100-149)
HOF_008,5,정 150-200,19.93,STAT(정확)=150..200,[S0] 자유 스윙 (정 150-200)
HOF_008,5,정 200-249,21.03,STAT(정확)=200..249,[S0] 자유 스윙 (정 200-249)
HOF_008,6,정 100-149,20.83,STAT(정확)=100..149,[S1] 자유 스윙 (정 100-149)
HOF_008,6,정 150-200,21.93,STAT(정확)=150..200,[S1] 자유 스윙 (정 150-200)
HOF_008,6,정 200-249,23.03,STAT(정확)=200..249,[S1] 자유 스윙 (정 200-249)
HOF_009,5,"2,3",31.8,ORDER=2..3,"[S0] 타격 전문화 (2,3)"
HOF_009,5,"4,5",33.2,ORDER=4..5,"[S0] 타격 전문화 (4,5)"
HOF_009,5,-,18.8,ALWAYS,[S0] 타격 전문화 (-)
HOF_009,6,"2,3",37.4,ORDER=2..3,"[S1] 타격 전문화 (2,3)"
HOF_009,6,"4,5",37.95,ORDER=4..5,"[S1] 타격 전문화 (4,5)"
HOF_009,6,-,21.15,ALWAYS,[S1] 타격 전문화 (-)
HOF_010,5,-,26.076,ALWAYS,[S0] 두번째 기회 (-)
HOF_010,6,-,30.97,ALWAYS,[S1] 두번째 기회 (-)
HOF_011,5,-,24.74025,ALWAYS,[S0] 멘탈 게임 (-)
HOF_011,6,-,27.8805,ALWAYS,[S1] 멘탈 게임 (-)
HOF_012,5,(팀버프 X),18,MANUAL,[S0] 타자 케미스트리 ((팀버프 X))
HOF_012,6,(팀버프 X),21.6,MANUAL,[S1] 타자 케미스트리 ((팀버프 X))
HOF_013,5,-,16.8,ALWAYS,[S0] 하드히터 (-)
HOF_013,6,-,21.8,ALWAYS,[S1] 하드히터 (-)
HOF_014,5,-,25.44,ALWAYS,[S0] 에이스 스페셜리스트 (-)
HOF_014,6,-,28.56,ALWAYS,[S1] 에이스 스페셜리스트 (-)
HOF_015,5,양타,38.4,BAT=SWITCH,[S0] 적응형 타자 (양타)
HOF_015,5,우타,26.64,BAT=RIGHT,[S0] 적응형 타자 (우타)
HOF_015,5,좌타,33.36,BAT=LEFT,[S0] 적응형 타자 (좌타)
HOF_015,6,양타,46.8,BAT=SWITCH,[S1] 적응형 타자 (양타)
HOF_015,6,우타,31.68,BAT=RIGHT,[S1] 적응형 타자 (우타)
HOF_015,6,좌타,40.32,BAT=LEFT,[S1] 적응형 타자 (좌타)
HOF_016,5,O,28.8,POS=OF,[S0] 강한 어깨 (O)
HOF_016,5,X,12.8,!POS=OF,[S0] 강한 어깨 (X)
HOF_016,6,O,34,POS=OF,[S1] 강한 어깨 (O)
HOF_016,6,X,16,!POS=OF,[S1] 강한 어깨 (X)
HOF_017,5,-,18.3265,ALWAYS,[S0] 백투백 (-)
HOF_017,6,-,21.059,ALWAYS,[S1] 백투백 (-)
HOF_018,5,-,21.875,ALWAYS,[S0] 디셉션 헌터 (-)
HOF_018,6,-,23.05,ALWAYS,[S1] 디셉션 헌터 (-)
HOF_019,5,-,17.035714,ALWAYS,[S0] 슬로우 스타터 (-)
HOF_019,6,-,19.707143,ALWAYS,[S1] 슬로우 스타터 (-)
HOF_020,5,-,28.5,ALWAYS,[S0] 레코드 홀더 (-)
HOF_020,6,-,32.85,ALWAYS,[S1] 레코드 홀더 (-)
HOF_021,5,-,19.2,ALWAYS,[S0] 리그의 지배자 (-)
HOF_021,6,-,21.6,ALWAYS,[S1] 리그의 지배자 (-)
HOF_022,5,"O, 변 100-149",28.8,PSLOT=1..2&STAT(변화)=100..149,"[S0] 프론트라인 에이스 (O, 변 100-149)"
HOF_022,5,"O, 변 150-199",31.15,PSLOT=1..2&STAT(변화)=150..199,"[S0] 프론트라인 에이스 (O, 변 150-199)"
HOF_022,5,"O, 변 200-249",33.5,PSLOT=1..2&STAT(변화)=200..249,"[S0] 프론트라인 에이스 (O, 변 200-249)"
HOF_022,5,"X, 변 100-149",14.7,!PSLOT=1..2&STAT(변화)=100..149,"[S0] 프론트라인 에이스 (X, 변 100-149)"
HOF_022,5,"X, 변 150-199",17.05,!PSLOT=1..2&STAT(변화)=150..199,"[S0] 프론트라인 에이스 (X, 변 150-199)"
HOF_022,5,"X, 변 200-249",19.4,!PSLOT=1..2&STAT(변화)=200..249,"[S0] 프론트라인 에이스 (X, 변 200-249)"
HOF_022,6,"O, 변 100-133",33.5,PSLOT=1..2&STAT(변화)=100..133,"[S1] 프론트라인 에이스 (O, 변 100-133)"
HOF_022,6,"O, 변 134-166",35.85,PSLOT=1..2&STAT(변화)=134..166,"[S1] 프론트라인 에이스 (O, 변 134-166)"
HOF_022,6,"O, 변 167-199",38.2,PSLOT=1..2&STAT(변화)=167..199,"[S1] 프론트라인 에이스 (O, 변 167-199)"
HOF_022,6,"O, 변 200-233",40.55,PSLOT=1..2&STAT(변화)=200..233,"[S1] 프론트라인 에이스 (O, 변 200-233)"
HOF_022,6,"X, 변 100-133",17.05,!PSLOT=1..2&STAT(변화)=100..133,"[S1] 프론트라인 에이스 (X, 변 100-133)"
HOF_022,6,"X, 변 134-166",19.4,!PSLOT=1..2&STAT(변화)=134..166,"[S1] 프론트라인 에이스 (X, 변 134-166)"
HOF_022,6,"X, 변 167-199",21.75,!PSLOT=1..2&STAT(변화)=167..199,"[S1] 프론트라인 에이스 (X, 변 167-199)"
HOF_022,6,"X, 변 200-233",24.1,!PSLOT=1..2&STAT(변화)=200..233,"[S1] 프론트라인 에이스 (X, 변 200-233)"
HOF_023,5,O,31.5,PSLOT=3..4,[S0] 신뢰의 선발 (O)
HOF_023,5,X,12,!PSLOT=3..4,[S0] 신뢰의 선발 (X)
HOF_023,6,O,36.75,PSLOT=3..4,[S1] 신뢰의 선발 (O)
HOF_023,6,X,14,!PSLOT=3..4,[S1] 신뢰의 선발 (X)
HOF_024,5,변 100-149,21.164532,STAT(변화)=100..149,[S0] 소방수 (변 100-149)
HOF_024,5,변 150-199,23.514532,STAT(변화)=150..199,[S0] 소방수 (변 150-199)
HOF_024,5,변 200-249,25.864532,STAT(변화)=200..249,[S0] 소방수 (변 200-249)
HOF_024,6,변 100-133,23.514532,STAT(변화)=100..133,[S1] 소방수 (변 100-133)
HOF_024,6,변 134-166,25.864532,STAT(변화)=134..166,[S1] 소방수 (변 134-166)
HOF_024,6,변 167-199,28.214532,STAT(변화)=167..199,[S1] 소방수 (변 167-199)
HOF_024,6,변 200-233,30.564532,STAT(변화)=200..233,[S1] 소방수 (변 200-233)
HOF_025,5,-,19.375,ALWAYS,[S0] 리드 수호자 (-)
HOF_025,6,-,21.65,ALWAYS,[S1] 리드 수호자 (-)
HOF_026,5,-,26.3,ALWAYS,[S0] 불굴 (-)
HOF_026,6,-,30.05,ALWAYS,[S1] 불굴 (-)
HOF_027,5,-,20.69565,ALWAYS,[S0] 이스케이프 아티스트 (-)
HOF_027,6,-,23.09565,ALWAYS,[S1] 이스케이프 아티스트 (-)
HOF_028,5,변 100-149,18.95,STAT(변화)=100..149,[S0] 간단한 이닝 (변 100-149)
HOF_028,5,변 150-199,20.15,STAT(변화)=150..199,[S0] 간단한 이닝 (변 150-199)
HOF_028,5,변 200-249,21.35,STAT(변화)=200..249,[S0] 간단한 이닝 (변 200-249)
HOF_028,6,변 100-149,21.3,STAT(변화)=100..149,[S1] 간단한 이닝 (변 100-149)
HOF_028,6,변 150-199,22.5,STAT(변화)=150..199,[S1] 간단한 이닝 (변 150-199)
HOF_028,6,변 200-249,23.7,STAT(변화)=200..249,[S1] 간단한 이닝 (변 200-249)
HOF_029,5,-,21.861,ALWAYS,[S0] 결자해지 (-)
HOF_029,6,-,25.75125,ALWAYS,[S1] 결자해지 (-)
HOF_030,5,-,12,ALWAYS,[S0] 끝판왕 (-)
HOF_030,6,-,14,ALWAYS,[S1] 끝판왕 (-)
HOF_031,5,(팀버프 X),17.25,MANUAL,[S0] 투수 케미스트리 ((팀버프 X))
HOF_031,6,(팀버프 X),20.7,MANUAL,[S1] 투수 케미스트리 ((팀버프 X))
HOF_032,5,-,30.55,ALWAYS,[S0] 에이스 스페셜리스트 (-)
HOF_032,6,-,34.075,ALWAYS,[S1] 에이스 스페셜리스트 (-)
HOF_033,5,지 100-124,24.3,STAT(지구력)=100..124,[S0] 워크호스 (지 100-124)
HOF_033,5,지 125-149,26.65,STAT(지구력)=125..149,[S0] 워크호스 (지 125-149)
HOF_033,5,지 150-199,29,STAT(지구력)=150..199,[S0] 워크호스 (지 150-199)
HOF_033,5,지 200-249,31.35,STAT(지구력)=200..249,[S0] 워크호스 (지 200-249)
HOF_033,6,지 100-119,27.8,STAT(지구력)=100..119,[S1] 워크호스 (지 100-119)
HOF_033,6,지 120-139,30.15,STAT(지구력)=120..139,[S1] 워크호스 (지 120-139)
HOF_033,6,지 140-159,32.5,STAT(지구력)=140..159,[S1] 워크호스 (지 140-159)
HOF_033,6,지 160-179,34.85,STAT(지구력)=160..179,[S1] 워크호스 (지 160-179)
HOF_033,6,지 180-199,37.2,STAT(지구력)=180..199,[S1] 워크호스 (지 180-199)
HOF_033,6,지 200-219,39.55,STAT(지구력)=200..219,[S1] 워크호스 (지 200-219)
HOF_034,5,변 100-149,12.78,STAT(변화)=100..149,[S0] 점화 플러그 (변 100-149)
HOF_034,5,변 150-199,13.98,STAT(변화)=150..199,[S0] 점화 플러그 (변 150-199)
HOF_034,5,변 200-249,15.18,STAT(변화)=200..249,[S0] 점화 플러그 (변 200-249)
HOF_034,6,변 100-133,14.32,STAT(변화)=100..133,[S1] 점화 플러그 (변 100-133)
HOF_034,6,변 134-166,15.52,STAT(변화)=134..166,[S1] 점화 플러그 (변 134-166)
HOF_034,6,변 167-199,16.72,STAT(변화)=167..199,[S1] 점화 플러그 (변 167-199)
HOF_034,6,변 200-233,17.92,STAT(변화)=200..233,[S1] 점화 플러그 (변 200-233)
HOF_035,5,-,20.977778,ALWAYS,[S0] 하위타선 지배자 (-)
HOF_035,6,-,24.422222,ALWAYS,[S1] 하위타선 지배자 (-)
HOF_036,5,-,22.25,ALWAYS,[S0] 디셉션 커맨더 (-)
HOF_036,6,-,23.25,ALWAYS,[S1] 디셉션 커맨더 (-)
HOF_037,5,O,25.4,MANUAL,[S0] 너클볼마스터(O)
HOF_037,5,X,23.18,MANUAL,[S0] 너클볼마스터(X)
HOF_037,6,O,27.95,MANUAL,[S1] 너클볼마스터(O)
HOF_037,6,X,25.65,MANUAL,[S1] 너클볼마스터(X)
HOF_038,5,O,29.25,MANUAL,[S0] 300승투수(O)
HOF_038,5,X,11.25,MANUAL,[S0] 300승투수(X)
HOF_038,6,O,37,MANUAL,[S1] 300승투수(O)
HOF_038,6,X,15,MANUAL,[S1] 300승투수(X)
HOF_039,5,,26.4,ALWAYS,[S0] 심리전의 달인
HOF_039,6,,33.6,ALWAYS,[S1] 심리전의 달인
HOF_040,5,우완,19.33,THROW=RIGHT,[S0]빅유닛(우완)
HOF_040,5,좌완,36.13,THROW=LEFT,[S0]빅유닛(좌완)
HOF_040,6,우완,22.64,THROW=RIGHT,[S1]빅유닛(우완)
HOF_040,6,좌완,41.84,THROW=LEFT,[S1]빅유닛(좌완)
HOF_041,5,,37.55,ALWAYS,[S0] 콜드샷
HOF_041,6,,43.22,ALWAYS,[S1] 콜드샷
HOF_042,5,,31.15,ALWAYS,[S0] 꾸준함
HOF_042,6,,36,ALWAYS,[S1] 꾸준함
HOF_043,5,,31.2,ALWAYS,[S0] 철마
HOF_043,6,,38.4,ALWAYS,[S1] 철마
HOF_044,5,,44.65,ALWAYS,[S0] 빅허트
HOF_044,6,,51.7,ALWAYS,[S1] 빅허트
HOF_045,5,스위치+3번,45.05,BAT=SWITCH&ORDER=3,[S0] 치퍼(스위치+3번)
HOF_045,5,스위치+3번X,33.3,BAT=SWITCH&!ORDER=3,[S0] 치퍼(스위치+3번X)
HOF_045,5,스위치X+3번,30.95,!BAT=SWITCH&ORDER=3,[S0] 치퍼(스위치X+3번)
HOF_045,5,스위치X+3번X,19.2,!BAT=SWITCH&!ORDER=3,[S0] 치퍼(스위치X+3번X)
HOF_045,6,스위치+3번,52.15,BAT=SWITCH&ORDER=3,[S1] 치퍼(스위치+3번)
HOF_045,6,스위치+3번X,38.05,BAT=SWITCH&!ORDER=3,[S1] 치퍼(스위치+3번X)
HOF_045,6,스위치X+3번,35.7,!BAT=SWITCH&ORDER=3,[S1] 치퍼(스위치X+3번)
HOF_045,6,스위치X+3번X,21.6,!BAT=SWITCH&!ORDER=3,[S1] 치퍼(스위치X+3번X)
HOF_046,5,홈버프X,18.8,MANUAL,[S0] 무스(홈버프X)
HOF_046,6,홈버프X,21.15,MANUAL,[S1] 무스(홈버프X)
HOF_047,5,좌타 O + 2번 O,45.05,BAT=LEFT&ORDER=2,[S0] 리틀빅맨(좌타 O + 2번 O)
HOF_047,5,좌타 O + 2번 X,30.95,BAT=LEFT&!ORDER=2,[S0] 리틀빅맨(좌타 O + 2번 X)
HOF_047,5,좌타 X + 2번 O,33.3,!BAT=LEFT&ORDER=2,[S0] 리틀빅맨(좌타 X + 2번 O)
HOF_047,5,좌타 X + 2번 X,19.2,!BAT=LEFT&!ORDER=2,[S0] 리틀빅맨(좌타 X + 2번 X)
HOF_047,6,좌타 O + 2번 O,54.55,BAT=LEFT&ORDER=2,[S1] 리틀빅맨(좌타 O + 2번 O)
HOF_047,6,좌타 O + 2번 X,38.1,BAT=LEFT&!ORDER=2,[S1] 리틀빅맨(좌타 O + 2번 X)
HOF_047,6,좌타 X + 2번 O,40.45,!BAT=LEFT&ORDER=2,[S1] 리틀빅맨(좌타 X + 2번 O)
HOF_047,6,좌타 X + 2번 X,24,!BAT=LEFT&!ORDER=2,[S1] 리틀빅맨(좌타 X + 2번 X)
HOF_048,5,,49.35,ALWAYS,[S0] 체어맨
HOF_048,6,,58.75,ALWAYS,[S1] 체어맨
HOF_049,5,주+수 155 미만,21.15,BASESTAT(주루+수비)<155,[S0] 엘그란데(주+수 155 미만)
HOF_049,5,주+수 155~164,40.35,BASESTAT(주루+수비)=155..164,[S0] 엘그란데(주+수 155~164)
HOF_049,5,주+수 165 이상,52.35,BASESTAT(주루+수비)>=165,[S0] 엘그란데(주+수 165 이상)
HOF_049,6,주+수 155 미만,23.5,BASESTAT(주루+수비)<155,[S1] 엘그란데(주+수 155 미만)
HOF_049,6,주+수 155~164,45.1,BASESTAT(주루+수비)=155..164,[S1] 엘그란데(주+수 155~164)
HOF_049,6,주+수 165 이상,59.5,BASESTAT(주루+수비)>=165,[S1] 엘그란데(주+수 165 이상)
I_001,5,-,1.925,ALWAYS,[S0] 밀어치기 (-)
I_001,6,-,2.31,ALWAYS,[S1] 밀어치기 (-)
I_001,7,-,2.695,ALWAYS,[S2] 밀어치기 (-)
I_001,8,-,3.08,ALWAYS,[S3] 밀어치기 (-)
I_001,9,-,3.465,ALWAYS,[S4] 밀어치기 (-)
I_002,5,-,1.925,ALWAYS,[S0] 당겨치기 (-)
I_002,6,-,2.31,ALWAYS,[S1] 당겨치기 (-)
I_002,7,-,2.695,ALWAYS,[S2] 당겨치기 (-)
I_002,8,-,3.08,ALWAYS,[S3] 당겨치기 (-)
I_002,9,-,3.465,ALWAYS,[S4] 당겨치기 (-)
I_003,5,-,2.025,ALWAYS,[S0] 직구 스페셜리스트 (-)
I_003,6,-,2.43,ALWAYS,[S1] 직구 스페셜리스트 (-)
I_003,7,-,2.835,ALWAYS,[S2] 직구 스페셜리스트 (-)
I_003,8,-,3.24,ALWAYS,[S3] 직구 스페셜리스트 (-)
I_003,9,-,3.645,ALWAYS,[S4] 직구 스페셜리스트 (-)
I_004,5,-,0.576,ALWAYS,[S0] 풀카운트 (-)
I_004,6,-,0.6912,ALWAYS,[S1] 풀카운트 (-)
I_004,7,-,0.8064,ALWAYS,[S2] 풀카운트 (-)
I_004,8,-,0.9216,ALWAYS,[S3] 풀카운트 (-)
I_004,9,-,1.0368,ALWAYS,[S4] 풀카운트 (-)
I_005,5,-,2.475,ALWAYS,[S0] 변화구 스페셜리스트 (-)
I_005,6,-,2.97,ALWAYS,[S1] 변화구 스페셜리스트 (-)
I_005,7,-,3.465,ALWAYS,[S2] 변화구 스페셜리스트 (-)
I_005,8,-,3.96,ALWAYS,[S3] 변화구 스페셜리스트 (-)
I_005,9,-,4.455,ALWAYS,[S4] 변화구 스페셜리스트 (-)
I_006,1,-,0,ALWAYS,[S0] 번트전문 (-)
I_007,5,-,1.62,ALWAYS,[S0] 속구 선호 (-)
I_007,6,-,1.62,ALWAYS,[S1] 속구 선호 (-)
I_007,7,-,2.16,ALWAYS,[S2] 속구 선호 (-)
I_007,8,-,2.7,ALWAYS,[S3] 속구 선호 (-)
I_007,9,-,3.24,ALWAYS,[S4] 속구 선호 (-)
I_008,5,-,3.1625,ALWAYS,[S0] 변화구 선호 (-)
I_008,6,-,3.795,ALWAYS,[S1] 변화구 선호 (-)
I_008,7,-,4.4275,ALWAYS,[S2] 변화구 선호 (-)
I_008,8,-,5.06,ALWAYS,[S3] 변화구 선호 (-)
I_008,9,-,5.6925,ALWAYS,[S4] 변화구 선호 (-)
I_009,5,-,0.564,ALWAYS,[S0] 풀카운트 (-)
I_009,6,-,0.6768,ALWAYS,[S1] 풀카운트 (-)
I_009,7,-,0.7896,ALWAYS,[S2] 풀카운트 (-)
I_009,8,-,0.9024,ALWAYS,[S3] 풀카운트 (-)
I_009,9,-,1.0152,ALWAYS,[S4] 풀카운트 (-)
I_010,1,-,0,ALWAYS,[S0] 사고방지 (-)
M_001,1,-,12,ALWAYS,[S0] 프랜차이즈 (-)
M_002,1,-,15.4,ALWAYS,[S0] 돌풍의 주인공 (-)
M_003,1,-,12.66,ALWAYS,[S0] 슬러거 (-)
M_004,1,-,23.9,ALWAYS,[S0] 플레이오프 히어로 (-)
M_005,1,-,11.04,ALWAYS,[S0] 시즌드 플레이어 (-)
M_006,1,-,16.7,ALWAYS,[S0] 리더십 (-)
M_007,1,O,24.1,MANUAL,[S0] 업 더 미들 (O)
M_007,1,X,14.1,MANUAL,[S0] 업 더 미들 (X)
M_008,1,-,20.67599,ALWAYS,[S0] 핫 스타트 (-)
M_010,1,O,22,POS=DH,[S0] 올 어라운드 (O)
M_010,1,X,12,!POS=DH,[S0] 올 어라운드 (X)
M_011,1,O,23.8,ORDER=8..9,[S0] 히트 머신 (O)
M_011,1,X,9.4,!ORDER=8..9,[S0] 히트 머신 (X)
M_012,1,-,19.62,ALWAYS,[S0] 2025 퍼포머트리오 (-)
M_013,1,,23.75,ALWAYS,[S0] FREE AGENT
M_014,1,투수버프X,12,MANUAL,[S0] 커맨더(투수버프X)
M_015,1,-,11.75,ALWAYS,[S0] 프랜차이즈 (-)
M_016,1,-,18.575,ALWAYS,[S0] 돌풍의 주인공 (-)
M_017,1,롱 릴리프,15.083333,RELIEVER=LONG,[S0] 프라이머리 셋업맨 (롱 릴리프)
M_017,1,승리조,20.75,RELIEVER=WIN,[S0] 프라이머리 셋업맨 (승리조)
M_017,1,추격조,14.75,RELIEVER=CHASE,[S0] 프라이머리 셋업맨 (추격조)
M_018,1,-,21.4,ALWAYS,[S0] 클로저 (-)
M_019,1,-,21.3,ALWAYS,[S0] 프론트라인 (-)
M_020,1,마무리,27.55,ROLE=CP,[S0] 플레이오프 히어로 (마무리)
M_020,1,선발,25.95,ROLE=SP,[S0] 플레이오프 히어로 (선발)
M_020,1,중계,28.35,ROLE=RP,[S0] 플레이오프 히어로 (중계)
M_021,1,-,14.1,ALWAYS,[S0] 엘리트 (-)
M_022,1,롱 릴리프,10.966667,RELIEVER=LONG,[S0] 시즌드 플레이어 (롱 릴리프)
M_022,1,선발,10.81,ROLE=SP,[S0] 시즌드 플레이어 (선발)
M_022,1,승리조,12.69,RELIEVER=WIN,[S0] 시즌드 플레이어 (승리조)
M_022,1,추격조,9.87,RELIEVER=CHASE,[S0] 시즌드 플레이어 (추격조)
M_023,1,마무리,28.5,ROLE=CP,[S0] 핫 스타트 (마무리)
M_023,1,선발,17.641379,ROLE=SP,[S0] 핫 스타트 (선발)
M_023,1,중계,28.5,ROLE=RP,[S0] 핫 스타트 (중계)
M_024,1,롱 릴리프,22.133333,RELIEVER=LONG,[S0] 스윙맨 (롱 릴리프)
M_024,1,승리조,21.585,RELIEVER=WIN,[S0] 스윙맨 (승리조)
M_024,1,추격조,22.995,RELIEVER=CHASE,[S0] 스윙맨 (추격조)
M_025,1,-,24.445,ALWAYS,[S0] 불펜 에이스 (-)
M_026,1,마무리,16.84,ROLE=CP,[S0] 2025 퍼포머트리오 (마무리)
M_026,1,선발,19.54,ROLE=SP,[S0] 2025 퍼포머트리오 (선발)
M_026,1,중계,16.97,ROLE=RP,[S0] 2025 퍼포머트리오 (중계)
M_027,1,,18.4,ALWAYS,[S0] 락다운
M_028,1,,21.75,ALWAYS,[S0] FREE AGENT
M_029,1,선발,19.92,ROLE=SP,[S0] 스탠드 아웃(선발)
M_029,1,"중계, 마무리",28.2,ROLE=RP|CP,"[S0] 스탠드 아웃(중계, 마무리)"
M_031,1,,44.65,ALWAYS,[S0] 릴리프앵커
M_032,1,,22.51,ALWAYS,[S0] 스탠드 아웃
M_036,1,,14.4,ALWAYS,[S0] 키플레이어
M_039,1,,14.1,ALWAYS,[S0] 키플레이어
M_040,1,추격조,32.9,RELIEVER=CHASE,[S0] 론스타(추격조)
M_041,1,구속>인내 O,47.5,MANUAL,[S0] 파워 피쳐(구속>인내) O
M_041,1,구속>인내 X,23.5,MANUAL,[S0] 파워 피쳐(구속>인내) X
M_042,1,마무리,27.58,ROLE=CP,[S0] 마에스트로(마무리)
M_042,1,선발,45.87,ROLE=SP,[S0] 마에스트로(선발)
M_042,1,중계,28.75,ROLE=RP,[S0] 마에스트로(중계)
M_043,1,9회까지만,42.75,MANUAL,[S0] 라스트 라인(9회까지만)
M_044,1,DH O,43.2,POS=DH,[S0] 본 투 히트(DH O)
M_044,1,DH X,28.8,!POS=DH,[S0] 본 투 히트(DH X)
M_045,1,평균4타석,45.1,MANUAL,[S0] 오펜시브 리더(평균4타석)
S_001,5,-,3,ALWAYS,[S0] 좌투선호 (-)
S_001,6,-,3.6,ALWAYS,[S1] 좌투선호 (-)
S_001,7,-,4.2,ALWAYS,[S2] 좌투선호 (-)
S_001,8,-,4.8,ALWAYS,[S3] 좌투선호 (-)
S_001,9,-,5.4,ALWAYS,[S4] 좌투선호 (-)
S_002,5,-,7,ALWAYS,[S0] 우투선호 (-)
S_002,6,-,8.4,ALWAYS,[S1] 우투선호 (-)
S_002,7,-,9.8,ALWAYS,[S2] 우투선호 (-)
S_002,8,-,11.2,ALWAYS,[S3] 우투선호 (-)
S_002,9,-,12.6,ALWAYS,[S4] 우투선호 (-)
S_003,5,-,3,ALWAYS,[S0] 타점기계 (-)
S_003,6,-,3.5,ALWAYS,[S1] 타점기계 (-)
S_003,7,-,4,ALWAYS,[S2] 타점기계 (-)
S_003,8,-,4.5,ALWAYS,[S3] 타점기계 (-)
S_003,9,-,5,ALWAYS,[S4] 타점기계 (-)
S_004,5,-,3.78,ALWAYS,[S0] 타선연결 (-)
S_004,6,-,4.536,ALWAYS,[S1] 타선연결 (-)
S_004,7,-,5.292,ALWAYS,[S2] 타선연결 (-)
S_004,8,-,6.048,ALWAYS,[S3] 타선연결 (-)
S_004,9,-,6.804,ALWAYS,[S4] 타선연결 (-)
S_005,1,-,0,ALWAYS,[S0] 선구안 (-)
S_006,5,-,4,ALWAYS,[S0] 좌타 스페셜리스트 (-)
S_006,6,-,4.8,ALWAYS,[S1] 좌타 스페셜리스트 (-)
S_006,7,-,5.6,ALWAYS,[S2] 좌타 스페셜리스트 (-)
S_006,8,-,6.4,ALWAYS,[S3] 좌타 스페셜리스트 (-)
S_006,9,-,7.2,ALWAYS,[S4] 좌타 스페셜리스트 (-)
S_007,5,-,6,ALWAYS,[S0] 우타 스페셜리스트 (-)
S_007,6,-,7.2,ALWAYS,[S1] 우타 스페셜리스트 (-)
S_007,7,-,8.4,ALWAYS,[S2] 우타 스페셜리스트 (-)
S_007,8,-,9.6,ALWAYS,[S3] 우타 스페셜리스트 (-)
S_007,9,-,10.8,ALWAYS,[S4] 우타 스페셜리스트 (-)
S_008,5,-,3,ALWAYS,[S0] 위기관리 (-)
S_008,6,-,3.5,ALWAYS,[S1] 위기관리 (-)
S_008,7,-,4,ALWAYS,[S2] 위기관리 (-)
S_008,8,-,4.5,ALWAYS,[S3] 위기관리 (-)
S_008,9,-,5,ALWAYS,[S4] 위기관리 (-)
S_009,5,-,3.916667,ALWAYS,[S0] 완급조절 (-)
S_009,6,-,4.7,ALWAYS,[S1] 완급조절 (-)
S_009,7,-,5.483333,ALWAYS,[S2] 완급조절 (-)
S_009,8,-,6.266667,ALWAYS,[S3] 완급조절 (-)
S_009,9,-,7.05,ALWAYS,[S4] 완급조절 (-)
WBC_001,1,,21.6,ALWAYS,[S0] WBC 플레이어
WBC_001,2,,26.4,ALWAYS,[S1] WBC 플레이어
WBC_001,3,,31.2,ALWAYS,[S2] WBC 플레이어
WBC_002,1,,19.7,ALWAYS,[S0] 해결사
WBC_002,2,,23.65,ALWAYS,[S1] 해결사
WBC_002,3,,27.6,ALWAYS,[S2] 해결사
WBC_003,1,패기미적용,19.2,MANUAL,[S0] 집중상태(패기미적용)
WBC_003,2,패기미적용,21.6,MANUAL,[S1] 집중상태(패기미적용)
WBC_003,3,패기미적용,24,MANUAL,[S2] 집중상태(패기미적용)
WBC_004,1,랭대기준,19.5,MANUAL,[S0] 토너먼트정신(랭대기준)
WBC_004,2,랭대기준,25.4,MANUAL,[S1] 토너먼트정신(랭대기준)
WBC_004,3,랭대기준,31.75,MANUAL,[S2] 토너먼트정신(랭대기준)
WBC_005,1,,19.2,ALWAYS,[S0] WBC 에이스
WBC_005,2,,21.6,ALWAYS,[S1] WBC 에이스
WBC_005,3,,24,ALWAYS,[S2] WBC 에이스
WBC_006,1,300-349,26.1,STAT(주루+수비)=300..349,[S0] WBC 아웃필더(300-349)
WBC_006,1,300미만,24.1,STAT(주루+수비)<300,[S0] WBC 아웃필더(300미만)
WBC_006,1,350-399,28.1,STAT(주루+수비)=350..399,[S0] WBC 아웃필더(350-399)
WBC_006,2,300-349,28.4,STAT(주루+수비)=300..349,[S1] WBC 아웃필더(300-349)
WBC_006,2,300미만,26.45,STAT(주루+수비)<300,[S1] WBC 아웃필더(300미만)
WBC_006,2,350-399,30.45,STAT(주루+수비)=350..399,[S1] WBC 아웃필더(350-399)
WBC_006,3,300-349,36.8,STAT(주루+수비)=300..349,[S2] WBC 아웃필더(300-349)
WBC_006,3,300미만,34.8,STAT(주루+수비)<300,[S2] WBC 아웃필더(300미만)
WBC_006,3,350-399,38.8,STAT(주루+수비)=350..399,[S2] WBC 아웃필더(350-399)
WBC_007,1,,21.15,ALWAYS,[S0] WBC 플레이어
WBC_007,2,,25.85,ALWAYS,[S1] WBC 플레이어
WBC_007,3,,30.55,ALWAYS,[S2] WBC 플레이어
WBC_008,1,,18.58,ALWAYS,[S0] 해결사
WBC_008,2,,22.46,ALWAYS,[S1] 해결사
WBC_008,3,,26.34,ALWAYS,[S2] 해결사
WBC_009,1,패기적용,37.6,MANUAL,[S0] 집중상태(패기적용)
WBC_009,2,패기적용,42.3,MANUAL,[S1] 집중상태(패기적용)
WBC_009,3,패기적용,47,MANUAL,[S2] 집중상태(패기적용)
WBC_010,1,랭대기준,21.3,MANUAL,[S0] 토너먼트정신(랭대기준)
WBC_010,2,랭대기준,28.4,MANUAL,[S1] 토너먼트정신(랭대기준)
WBC_010,3,랭대기준,35.5,MANUAL,[S2] 토너먼트정신(랭대기준)
WBC_011,1,,18.8,ALWAYS,[S0] WBC 에이스
WBC_011,2,,21.15,ALWAYS,[S1] WBC 에이스
WBC_011,3,,23.5,ALWAYS,[S2] WBC 에이스
WBC_012,1,,26.1,ALWAYS,[S0] WBC 프론트라인
WBC_012,2,,30.45,ALWAYS,[S1] WBC 프론트라인
WBC_012,3,,34.8,ALWAYS,[S2] WBC 프론트라인
WBC_013,1,구속 100-124,15.88,STAT(구속)=100..124,[S0] 드라이브라인 (구속 100-124)
WBC_013,1,구속 125-149,18.23,STAT(구속)=125..149,[S0] 드라이브라인 (구속 125-149)
WBC_013,1,구속 150-174,20.58,STAT(구속)=150..174,[S0] 드라이브라인 (구속 150-174)
WBC_013,1,구속 175-199,22.93,STAT(구속)=175..199,[S0] 드라이브라인 (구속 175-199)
WBC_013,2,구속 100-124,16.96,STAT(구속)=100..124,[S1] 드라이브라인 (구속 100-124)
WBC_013,2,구속 125-149,19.31,STAT(구속)=125..149,[S1] 드라이브라인 (구속 125-149)
WBC_013,2,구속 150-174,21.66,STAT(구속)=150..174,[S1] 드라이브라인 (구속 150-174)
WBC_013,2,구속 175-199,24.01,STAT(구속)=175..199,[S1] 드라이브라인 (구속 175-199)
WBC_013,3,구속 100-119,20.39,STAT(구속)=100..119,[S2] 드라이브라인 (구속 100-119)
WBC_013,3,구속 120-139,22.74,STAT(구속)=120..139,[S2] 드라이브라인 (구속 120-139)
WBC_013,3,구속 140-159,25.09,STAT(구속)=140..159,[S2] 드라이브라인 (구속 140-159)
WBC_013,3,구속 160-179,27.44,STAT(구속)=160..179,[S2] 드라이브라인 (구속 160-179)
WBC_013,3,구속 180-199,29.79,STAT(구속)=180..199,[S2] 드라이브라인 (구속 180-199)
WBC_014,1,,21.45,ALWAYS,[S0] 와인드업
WBC_014,2,,26.67,ALWAYS,[S1] 와인드업
WBC_014,3,,31.89,ALWAYS,[S2] 와인드업
WBC_015,1,1번타순O,30.9,ORDER=1,[S0] WBC 스타터(1번타순O)
WBC_015,1,1번타순X,14.1,!ORDER=1,[S0] WBC 스타터(1번타순X)
WBC_015,2,1번타순O,35.65,ORDER=1,[S1] WBC 스타터(1번타순O)
WBC_015,2,1번타순X,16.45,!ORDER=1,[S1] WBC 스타터(1번타순X)
WBC_015,3,1번타순O,40.4,ORDER=1,[S2] WBC 스타터(1번타순O)
WBC_015,3,1번타순X,18.8,!ORDER=1,[S2] WBC 스타터(1번타순X)
WBC_016,1,,24.71,ALWAYS,[S0] 출루 전문가
WBC_016,2,,27.81,ALWAYS,[S1] 출루 전문가
WBC_016,3,,30.92,ALWAYS,[S2] 출루 전문가
