skill_id,stat,condition,values,base_stat
S_001,파워,좌투상대,1/2/3/4/5/6/7/8/9,
S_001,정확,좌투상대,1/2/3/4/5/6/7/8/9,
S_002,파워,우투상대,1/2/3/4/5/6/7/8/9,
S_002,정확,우투상대,1/2/3/4/5/6/7/8/9,
S_003,파워,주자2루이상,2/3/4/5/6/7/8/9/10,
S_003,정확,주자2루이상,2/3/4/5/6/7/8/9/10,
S_004,파워,ALWAYS,1/2/3/4/5/6/7/8/9,
S_004,정확,ALWAYS,1/2/3/4/5/6/7/8/9,
S_004,선구,ALWAYS,1/2/3/4/5/6/7/8/9,
S_004,인내,ALWAYS,1/2/3/4/5/6/7/8/9,
S_004,주루,ALWAYS,1/2/3/4/5/6/7/8/9,
S_004,수비,ALWAYS,1/2/3/4/5/6/7/8/9,
S_006,파워,좌타상대,1/2/3/4/5/6/7/8/9,
S_006,정확,좌타상대,1/2/3/4/5/6/7/8/9,
S_007,파워,우타상대,1/2/3/4/5/6/7/8/9,
S_007,정확,우타상대,1/2/3/4/5/6/7/8/9,
S_008,파워,주자2루이상,2/3/4/5/6/7/8/9/10,
S_008,정확,주자2루이상,2/3/4/5/6/7/8/9/10,
S_009,구위,타순3_4_5+타순4_5,1/2/3/4/5/6/7/8/9,
S_009,변화,타순3_4_5+타순4_5,1/2/3/4/5/6/7/8/9,
S_009,제구,타순3_4_5+타순4_5,1/2/3/4/5/6/7/8/9,
S_009,구속,타순3_4_5+타순4_5,1/2/3/4/5/6/7/8/9,
B_001,파워,초구,1/2/3/4/5/6/7/8/9,
B_001,정확,초구,1/2/3/4/5/6/7/8/9,
B_001,선구,초구,1/2/3/4/5/6/7/8/9,
B_001,인내,초구,1/2/3/4/5/6/7/8/9,
B_001,주루,초구,1/2/3/4/5/6/7/8/9,
B_001,수비,초구,1/2/3/4/5/6/7/8/9,
B_002,파워,리드아님,1/2/3/4/5/6/7/8/9,
B_002,정확,리드아님,1/2/3/4/5/6/7/8/9,
B_002,선구,리드아님,1/2/3/4/5/6/7/8/9,
B_003,파워,리드,1/2/3/4/5/6/7/8/9,
B_003,정확,리드,1/2/3/4/5/6/7/8/9,
B_003,선구,리드,1/2/3/4/5/6/7/8/9,
B_004,정확,주자없음,1/2/3/4/5/6/7/8/9,
B_004,선구,주자없음,1/2/3/4/5/6/7/8/9,
B_004,인내,주자없음,1/2/3/4/5/6/7/8/9,
B_005,파워,스윗스팟,2/3/4/5/7/8/9/11/12,
B_006,구위,ALWAYS,1/2/3/4/5/6/7/8/9,
B_006,제구,ALWAYS,1/1/2/2/3/3/4/5/6,
B_007,지구력,ALWAYS,1/2/3/4/5/6/7/8/9,
B_008,파워,ALWAYS,1/2/3/4/5/6/7/8/9,
B_008,정확,ALWAYS,1/2/3/4/5/6/7/8/9,
B_008,선구,ALWAYS,1/2/3/4/5/6/7/8/9,
B_008,인내,ALWAYS,1/2/3/4/5/6/7/8/9,
B_009,파워,2아웃,2/3/4/5/6/7/8/9/10,
B_010,변화,ALWAYS,2/3/4/5/6/7/8/9/10,
B_010,구속,ALWAYS,2/3/4/5/6/7/8/9/10,
I_001,파워,ALWAYS,2/3/4/5/6/7/8/9/10,
I_002,파워,ALWAYS,2/3/4/5/6/7/8/9/10,
I_003,정확,직구상대,1/2/3/4/5/6/7/8/9,
I_003,인내,직구상대,1/1/2/2/3/3/4/5/6,
I_004,파워,풀카운트,1/2/3/4/5/6/7/8/9,
I_004,정확,풀카운트,1/2/3/4/5/6/7/8/9,
I_004,선구,풀카운트,1/2/3/4/5/6/7/8/9,
I_004,인내,풀카운트,1/2/3/4/5/6/7/8/9,
I_004,주루,풀카운트,1/2/3/4/5/6/7/8/9,
I_004,수비,풀카운트,1/2/3/4/5/6/7/8/9,
I_005,정확,변화구상대,1/2/3/4/5/6/7/8/9,
I_005,인내,변화구상대,1/1/2/2/3/3/4/5/6,
I_007,구속,속구선택,1/2/3/4/5/6/7/8/9,
I_007,구위,속구선택,1/1/2/2/3/3/4/5/6,
I_008,변화,변화구선택,1/2/3/4/5/6/7/8/9,
I_008,제구,변화구선택,1/1/2/2/3/3/4/5/7,
I_009,구위,풀카운트,1/2/3/4/5/6/7/8/9,
I_009,변화,풀카운트,1/2/3/4/5/6/7/8/9,
I_009,제구,풀카운트,1/2/3/4/5/6/7/8/9,
I_009,구속,풀카운트,1/2/3/4/5/6/7/8/9,
G_001,파워,ALWAYS,2/3/4/5/6/7/8/9/10,
G_001,정확,ALWAYS,2/3/4/5/6/7/8/9/10,
G_001,선구,ALWAYS,2/3/4/5/6/7/8/9/10,
G_002,파워,ALWAYS,1/2/3/4/5/6/7/8/9,
G_003,파워,높은공,3/4/5/6/8/10/12/14/15,
G_004,파워,주자있음,1/2/3/4/5/6/7/8/9,
G_005,정확,ALWAYS,4/5/6/7/8/9/10/11/12,
G_005,인내,ALWAYS,4/5/6/7/8/9/10/11/12,
G_006,파워,타순3_4_5+타순4_5,1/2/3/4/5/6/7/8/9,
G_006,정확,타순3_4_5+타순4_5,1/2/3/4/5/6/7/8/9,
G_007,파워,OVR열세,3/4/5/6/7/8/9/10/11,
G_007,정확,OVR열세,3/4/5/6/7/8/9/10/11,
G_007,선구,OVR열세,3/4/5/6/7/8/9/10/11,
G_007,인내,OVR열세,3/4/5/6/7/8/9/10/11,
G_008,주루,ALWAYS,3/4/5/6/7/8/9/10/11,
G_009,파워,ALWAYS,1/2/3/4/5/6/7/8/9,
G_009,정확,ALWAYS,1/2/3/4/5/6/7/8/9,
G_009,인내,ALWAYS,1/2/3/4/5/6/7/8/9,
G_009,파워,홈,1,
G_009,정확,홈,1,
G_009,인내,홈,1,
G_010,선구,타순1_2,3/4/5/6/7/8/9/10/11,
G_010,주루,타순1_2,3/4/5/6/7/8/9/10/11,
G_010,선구,타순1_2,2,
G_010,주루,타순1_2,2,
G_010,정확,타순1_2,1/1/2/2/3/3/4/4/5,
G_010,인내,타순1_2,1/1/2/2/3/3/4/4/5,
G_011,변화,ALWAYS,1/2/3/4/5/6/7/8/9,
G_011,제구,ALWAYS,1/2/3/4/5/6/7/8/9,
G_011,파워,대타첫타석,5/6/7/8/9/10/11/12/13,
G_011,정확,대타첫타석,5/6/7/8/9/10/11/12/13,
G_011,선구,대타첫타석,5/6/7/8/9/10/11/12/13,
G_012,주루,ALWAYS,1/2/3/4/5/6/7/8/9,
G_012,수비,ALWAYS,1/2/3/4/5/6/7/8/9,
G_012,파워,모드_리그,4/5/6/7/8/10/12/14/16,
G_012,선구,모드_리그,4/5/6/7/8/10/12/14/16,
G_012,인내,모드_리그,4/5/6/7/8/10/12/14/16,
G_012,주루,모드_리그,4/5/6/7/8/10/12/14/16,
G_013,파워,ALWAYS,1/2/3/4/5/6/7/8/9,
G_013,인내,ALWAYS,1/2/3/4/5/6/7/8/9,
G_013,정확,주자있음,3,
G_013,선구,주자있음,3,
G_014,정확,ALWAYS,2/3/4/5/6/7/8/9/10,
G_014,주루,ALWAYS,2/3/4/5/6/7/8/9/10,
G_014,구위,타순6_9,1/2/3/4/5/6/7/8/9,
G_014,제구,타순6_9,1/2/3/4/5/6/7/8/9,
G_015,파워,ALWAYS,1/2/3/4/5/6/7/8/9,
G_015,정확,ALWAYS,1/2/3/4/5/6/7/8/9,
G_015,선구,ALWAYS,1/2/3/4/5/6/7/8/9,
G_015,인내,ALWAYS,1/2/3/4/5/6/7/8/9,
G_015,주루,ALWAYS,1/2/3/4/5/6/7/8/9,
G_015,수비,ALWAYS,1/2/3/4/5/6/7/8/9,
G_015,파워,상대등급우세,1,
G_015,정확,상대등급우세,1,
G_015,선구,상대등급우세,1,
G_015,인내,상대등급우세,1,
G_015,주루,상대등급우세,1,
G_015,수비,상대등급우세,1,
G_016,파워,ALWAYS,1/2/3/4/5/6/7/8/9,
G_016,정확,ALWAYS,1/2/3/4/5/6/7/8/9,
G_016,인내,ALWAYS,1/2/3/4/5/6/7/8/9,
G_016,파워,모드_랭킹대전+모드_라이브매치+모드_타점배틀+모드_랭킹슬러거,1,
G_016,인내,모드_랭킹대전+모드_라이브매치+모드_타점배틀+모드_랭킹슬러거,1,
G_016,수비,모드_랭킹대전+모드_라이브매치+모드_타점배틀+모드_랭킹슬러거,1,
G_017,인내,ALWAYS,2/3/4/5/6/7/8/9/10,
G_017,주루,ALWAYS,2/3/4/5/6/7/8/9/10,
G_017,수비,ALWAYS,2/3/4/5/6/7/8/9/10,
G_017,구위,타순3_4_5+타순4_5,2/3/4/5/6/7/8/9/10,
G_017,변화,타순3_4_5+타순4_5,2/3/4/5/6/7/8/9/10,
G_017,제구,타순3_4_5+타순4_5,2/3/4/5/6/7/8/9/10,
G_018,인내,ALWAYS,2/3/4/5/6/7/8/9/10,
G_018,주루,ALWAYS,2/3/4/5/6/7/8/9/10,
G_018,수비,ALWAYS,2/3/4/5/6/7/8/9/10,
G_018,구위,7회이후,2/3/4/5/6/7/8/9/10,
G_018,변화,7회이후,2/3/4/5/6/7/8/9/10,
G_018,제구,7회이후,2/3/4/5/6/7/8/9/10,
G_019,주루,ALWAYS,3/4/5/6/7/9/11/13/15,
G_019,수비,ALWAYS,3/4/5/6/7/9/11/13/15,
G_019,정확,타순6_9+타순8_9,2/3/4/5/6/8/10/12/14,
G_019,선구,타순6_9+타순8_9,2/3/4/5/6/8/10/12/14,
G_019,인내,타순6_9+타순8_9,2/3/4/5/6/8/10/12/14,
G_020,정확,ALWAYS,1/2/3/4/5/6/7/8/9,
G_020,주루,ALWAYS,1/2/3/4/5/6/7/8/9,
G_020,파워,모드_랭킹대전+모드_라이브매치,2/3/4/5/6/7/8/9/10,
G_020,선구,모드_랭킹대전+모드_라이브매치,2/3/4/5/6/7/8/9/10,
G_021,파워,ALWAYS,1/2/3/4/5/6/7/8/9,
G_021,정확,ALWAYS,1/2/3/4/5/6/7/8/9,
G_021,인내,ALWAYS,1/2/3/4/5/6/7/8/9,
G_021,구위,원정,2/2/2/2/2/3/4/5/6,
G_021,변화,원정,2/2/2/2/2/3/4/5/6,
G_021,구속,원정,2/2/2/2/2/3/4/5/6,
G_022,정확,ALWAYS,1/2/3/4/5/6/7/8/9,
G_022,인내,ALWAYS,1/2/3/4/5/6/7/8/9,
G_022,파워,리드,3/4/5/6/7/8/9/10/11,
G_022,선구,리드,3/4/5/6/7/8/9/10/11,
G_023,주루,ALWAYS,2/3/4/5/6/7/9/11/13,
G_023,수비,ALWAYS,2/3/4/5/6/7/9/11/13,
G_023,파워,ALWAYS,0.01/0.01/0.02/0.02/0.02/0.03/0.03/0.04/0.04,주루+수비
G_023,정확,ALWAYS,0.01/0.01/0.02/0.02/0.02/0.03/0.03/0.04/0.04,주루+수비
G_024,파워,ALWAYS,1/2/2/3/4/5/7/9/11,
G_024,정확,ALWAYS,1/2/2/3/4/5/7/9/11,
G_024,선구,ALWAYS,1/2/2/3/4/5/7/9/11,
G_024,인내,ALWAYS,1/2/2/3/4/5/7/9/11,
G_024,주루,ALWAYS,3/3/4/4/5/5/6/6/7,
G_024,수비,ALWAYS,3/3/4/4/5/5/6/6/7,
G_025,구위,ALWAYS,1/1/2/2/3/4/5/6/7,
G_025,변화,ALWAYS,1/1/2/2/3/4/5/6/7,
G_025,제구,ALWAYS,1/1/2/2/3/4/5/6/7,
G_025,정확,발사각조건+타순1_2,2/3/3/4/4/5/5/6/6,
G_025,선구,발사각조건+타순1_2,2/3/3/4/4/5/5/6/6,
G_025,주루,발사각조건+타순1_2,2/3/3/4/4/5/5/6/6,
G_026,파워,ALWAYS,1/1/1/1/1/2/2/3/3,
G_026,정확,ALWAYS,1/1/1/1/1/2/2/3/3,
G_026,선구,ALWAYS,1/1/1/1/1/2/2/3/3,
G_026,인내,ALWAYS,1/1/1/1/1/2/2/3/3,
G_026,파워,OVR열세,1/2/3/4/5/6/7/8/9,
G_026,정확,OVR열세,1/2/3/4/5/6/7/8/9,
G_026,선구,OVR열세,1/2/3/4/5/6/7/8/9,
G_026,인내,OVR열세,1/2/3/4/5/6/7/8/9,
G_027,정확,ALWAYS,1/2/3/4/5/6/7/8/9,
G_027,인내,ALWAYS,1/2/3/4/5/6/7/8/9,
G_027,구속,포지션_C,1/1/1/1/1/1/2/2/2,
G_027,변화,포지션_C,0/1/1/1/1/1/1/2/2,
G_027,제구,포지션_C,0/0/0/1/1/1/1/1/1,
G_027,구위,포지션_C,0/0/0/0/0/1/1/1/1,
G_028,파워,ALWAYS,1/2/3/4/5/6/7/9/10,
G_028,정확,ALWAYS,1/2/3/4/5/6/7/9/10,
G_028,인내,ALWAYS,1/2/3/4/5/6/7/9/10,
G_028,정확,구위>파워,4/5/6/7/8/9/10/11/12,
G_028,파워,구위>파워,-4,
G_029,구위,ALWAYS,1/2/3/4/5/5/6/6/7,
G_029,파워,ALWAYS,0.01/0.01/0.01/0.01/0.01/0.02/0.02/0.03/0.03,정확+주루
G_029,정확,ALWAYS,0.01/0.01/0.01/0.01/0.01/0.02/0.02/0.03/0.03,정확+주루
G_030,파워,ALWAYS,1/1/1/2/2/3/3/4/4,
G_030,정확,ALWAYS,1/1/1/2/2/3/3/4/4,
G_030,선구,ALWAYS,1/1/1/2/2/3/3/4/4,
G_030,인내,ALWAYS,1/1/1/2/2/3/3/4/4,
G_030,주루,ALWAYS,1/1/1/2/2/3/3/4/4,
G_030,수비,ALWAYS,1/1/1/2/2/3/3/4/4,
G_030,파워,ALWAYS,1/1/2/3/4/4/5/6/7,
G_030,선구,ALWAYS,1/1/2/3/4/4/5/6/7,
G_030,정확,ALWAYS,1/2/3/4/5/5/8/9/10,
G_031,구위,ALWAYS,2/3/4/5/6/7/8/9/10,
G_031,파워,ALWAYS,1/1/2/3/4/5/6/7/8,
G_031,정확,ALWAYS,1/1/2/3/4/5/6/7/8,
G_032,파워,ALWAYS,1/1/2/3/4/5/6/7/8,
G_032,정확,ALWAYS,1/1/2/3/4/5/6/7/8,
G_032,인내,ALWAYS,1/1/2/3/4/5/6/7/8,
G_032,구위,6회이후+리드아님,2/3/4/5/6/7/8/9/10,
G_033,변화,ALWAYS,1/1/2/2/3/4/5/6/7,
G_033,파워,타석1,2/2/2/2/2/3/3/3/3,
G_033,정확,타석1,2/2/2/2/2/3/3/3/3,
G_033,선구,타석1,2/2/2/2/2/3/3/3/3,
G_033,파워,타석2,4/4/4/4/4/6/6/6/6,
G_033,정확,타석2,4/4/4/4/4/6/6/6/6,
G_033,선구,타석2,4/4/4/4/4/6/6/6/6,
G_033,파워,타석3,6/6/6/6/6/9/9/9/9,
G_033,정확,타석3,6/6/6/6/6/9/9/9/9,
G_033,선구,타석3,6/6/6/6/6/9/9/9/9,
G_033,파워,타석4,8/8/8/8/8/10/10/10/10,
G_033,정확,타석4,8/8/8/8/8/10/10/10/10,
G_033,선구,타석4,8/8/8/8/8/10/10/10/10,
G_033,파워,타석5_7,10,
G_033,정확,타석5_7,10,
G_033,선구,타석5_7,10,
G_034,구위,ALWAYS,1/2/3/4/5/6/7/8/9,
G_034,파워,타석1,8,
G_034,정확,타석1,8,
G_034,파워,타석2,6,
G_034,정확,타석2,6,
G_034,파워,타석3,4,
G_034,정확,타석3,4,
G_034,파워,타석4_7,2,
G_034,정확,타석4_7,2,
G_035,변화,ALWAYS,2/3/4/5/6/7/8/9/10,
G_035,제구,ALWAYS,2/3/4/5/6/7/8/9/10,
G_035,구속,ALWAYS,2/3/4/5/6/7/8/9/10,
G_035,정확,ALWAYS,3/4/5/6/7/9/11/13/13,
G_035,파워,ALWAYS,3,
G_036,정확,ALWAYS,1/2/3/4/5/6/7/8/9,
G_036,선구,ALWAYS,1/2/3/4/5/6/7/8/9,
G_036,구위,덱스코어열세,2/3/3/4/4/5/6/7/8,
G_036,변화,덱스코어열세,2/3/3/4/4/5/6/7/8,
G_037,구위,ALWAYS,1/1/2/2/3/3/4/4/5,
G_037,변화,ALWAYS,1/1/2/2/3/3/4/4/5,
G_037,제구,ALWAYS,1/1/2/2/3/3/4/4/5,
G_037,파워,덱스코어열세,1/2/3/4/5/6/7/8/9,
G_037,정확,덱스코어열세,1/2/3/4/5/6/7/8/9,
G_037,선구,덱스코어열세,1/2/3/4/5/6/7/8/9,
G_038,변화,ALWAYS,2/3/4/5/6/7/8/9/10,
G_038,파워,ALWAYS,0.01,스페셜덱
G_038,정확,ALWAYS,0.01,스페셜덱
G_038,선구,ALWAYS,0.01,스페셜덱
G_039,구속,ALWAYS,1/2/3/4/5/6/7/8/9,
G_039,구위,ALWAYS,1/2/3/4/5/6/7/8/9,
G_039,변화,ALWAYS,1/2/3/4/5/6/7/8/9,
G_039,제구,ALWAYS,1/2/3/4/5/6/7/8/9,
G_039,지구력,ALWAYS,1/2/3/4/5/6/7/8/9,
G_039,수비,ALWAYS,1/2/3/4/5/6/7/8/9,
G_040,변화,ALWAYS,4/5/6/7/8/9/10/11/12,
G_040,구속,ALWAYS,4/5/6/7/8/9/10/11/12,
G_041,파워,ALWAYS,1/2/3/4/5/6/7/8/9,
G_041,주루,ALWAYS,1/2/3/4/5/6/7/8/9,
G_042,변화,ALWAYS,1/2/3/4/5/6/7/8/9,
G_042,제구,ALWAYS,1/2/3/4/5/6/7/8/9,
G_043,구위,등판후3타자,2/3/4/5/6/7/8/9/10,
G_043,변화,등판후3타자,2/3/4/5/6/7/8/9/10,
G_043,제구,등판후3타자,2/3/4/5/6/7/8/9/10,
G_043,구속,등판후3타자,2/3/4/5/6/7/8/9/10,
G_044,변화,ALWAYS,4/5/6/7/8/9/10/11/12,
G_044,제구,ALWAYS,4/5/6/7/8/9/10/11/12,
G_045,구위,OVR열세,3/4/5/6/7/8/9/10/11,
G_045,변화,OVR열세,3/4/5/6/7/8/9/10/11,
G_045,제구,OVR열세,3/4/5/6/7/8/9/10/11,
G_045,구속,OVR열세,3/4/5/6/7/8/9/10/11,
G_046,구위,8회이후,2/3/4/5/6/7/8/9/10,
G_046,변화,8회이후,2/3/4/5/6/7/8/9/10,
G_046,제구,8회이후,2/3/4/5/6/7/8/9/10,
G_046,구속,8회이후,2/3/4/5/6/7/8/9/10,
G_047,구위,ALWAYS,1/2/3/4/5/6/7/8/9,
G_047,변화,ALWAYS,1/2/3/4/5/6/7/8/9,
G_047,지구력,ALWAYS,1/2/3/4/5/6/7/8/9,
G_047,구위,홈,1,
G_047,변화,홈,1,
G_047,지구력,홈,1,
G_048,구위,ALWAYS,1/2/3/4/5/6/7/8/9,
G_048,구속,ALWAYS,1/2/3/4/5/6/7/8/9,
G_048,정확,포지션_SP+1_2회,2/3/4/5/6/7/8/9/10,
G_048,선구,포지션_SP+1_2회,2/3/4/5/6/7/8/9/10,
G_048,인내,포지션_SP+1_2회,2/3/4/5/6/7/8/9/10,
G_049,정확,ALWAYS,1/2/3/4/5/6/7/8/9,
G_049,선구,ALWAYS,1/2/3/4/5/6/7/8/9,
G_049,구위,교체후첫타자,5/6/7/8/9/10/11/12/13,
G_049,변화,교체후첫타자,5/6/7/8/9/10/11/12/13,
G_049,제구,교체후첫타자,5/6/7/8/9/10/11/12/13,
G_050,수비,ALWAYS,1/2/3/4/5/6/7/8/9,
G_050,지구력,ALWAYS,1/2/3/4/5/6/7/8/9,
G_050,구위,모드_리그,4/5/6/7/8/10/12/14/16,
G_050,제구,모드_리그,4/5/6/7/8/10/12/14/16,
G_050,구속,모드_리그,4/5/6/7/8/10/12/14/16,
G_050,지구력,모드_리그,4/5/6/7/8/10/12/14/16,
G_051,구위,ALWAYS,1/2/3/4/5/6/7/8/9,
G_051,구속,ALWAYS,1/2/3/4/5/6/7/8/9,
G_051,변화,주자있음,3,
G_051,제구,주자있음,3,
G_052,변화,ALWAYS,2/3/4/5/6/7/8/9/10,
G_052,구속,ALWAYS,2/3/4/5/6/7/8/9/10,
G_052,파워,선발3_4_5+중계3_4_5+등판후4타자,1/2/3/4/5/6/7/8/9,
G_052,인내,선발3_4_5+중계3_4_5+등판후4타자,1/2/3/4/5/6/7/8/9,
G_053,구속,ALWAYS,1/2/3/4/5/6/7/8/9,
G_053,구위,ALWAYS,1/2/3/4/5/6/7/8/9,
G_053,변화,ALWAYS,1/2/3/4/5/6/7/8/9,
G_053,제구,ALWAYS,1/2/3/4/5/6/7/8/9,
G_053,지구력,ALWAYS,1/2/3/4/5/6/7/8/9,
G_053,수비,ALWAYS,1/2/3/4/5/6/7/8/9,
G_053,구속,상대등급우세,1,
G_053,구위,상대등급우세,1,
G_053,변화,상대등급우세,1,
G_053,제구,상대등급우세,1,
G_053,지구력,상대등급우세,1,
G_053,수비,상대등급우세,1,
G_054,구위,ALWAYS,1/2/3/4/5/6/7/8/9,
G_054,변화,ALWAYS,1/2/3/4/5/6/7/8/9,
G_054,제구,ALWAYS,1/2/3/4/5/6/7/8/9,
G_054,구위,모드_랭킹대전+모드_라이브매치+모드_타점배틀,1,
G_054,변화,모드_랭킹대전+모드_라이브매치+모드_타점배틀,1,
G_054,수비,모드_랭킹대전+모드_라이브매치+모드_타점배틀,1,
G_055,제구,ALWAYS,2/3/4/5/6/7/8/9/10,
G_055,구속,ALWAYS,2/3/4/5/6/7/8/9/10,
G_055,수비,ALWAYS,2/3/4/5/6/7/8/9/10,
G_055,파워,포지션_SP+6회까지,2/3/4/5/6/7/8/9/10,
G_055,정확,포지션_SP+6회까지,2/3/4/5/6/7/8/9/10,
G_055,선구,포지션_SP+6회까지,2/3/4/5/6/7/8/9/10,
G_056,제구,ALWAYS,2/3/4/5/6/7/8/9/10,
G_056,구속,ALWAYS,2/3/4/5/6/7/8/9/10,
G_056,수비,ALWAYS,2/3/4/5/6/7/8/9/10,
G_056,파워,비김또는리드+포지션_RP_CP+등판후3타자,2/3/4/5/6/7/8/9/10,
G_056,정확,비김또는리드+포지션_RP_CP+등판후3타자,2/3/4/5/6/7/8/9/10,
G_056,선구,비김또는리드+포지션_RP_CP+등판후3타자,2/3/4/5/6/7/8/9/10,
G_057,구속,ALWAYS,1/2/3/4/5/6/7/8/9,
G_057,구위,ALWAYS,1,
G_057,변화,ALWAYS,1,
G_057,제구,ALWAYS,1,
G_057,구위,ALWAYS,0.05/0.05/0.05/0.05/0.05/0.06/0.06/0.06/0.06,지구력
G_057,변화,ALWAYS,0.05/0.05/0.05/0.05/0.05/0.06/0.06/0.06/0.06,지구력
G_057,제구,ALWAYS,0.05/0.05/0.05/0.05/0.05/0.06/0.06/0.06/0.06,지구력
G_058,구위,ALWAYS,1/2/2/3/4/5/7/9/11,
G_058,변화,ALWAYS,1/2/2/3/4/5/7/9/11,
G_058,제구,ALWAYS,1/2/2/3/4/5/7/9/11,
G_058,구속,ALWAYS,1/2/2/3/4/5/7/9/11,
G_058,수비,ALWAYS,3/3/4/4/5/5/6/6/7,
G_058,지구력,ALWAYS,3/3/4/4/5/5/6/6/7,
G_059,구위,ALWAYS,2/3/4/5/6/7/8/9/10,
G_059,변화,ALWAYS,2/3/4/5/6/7/8/9/10,
G_059,제구,포지션_SP+포지션_RP_CP,3/4/5/6/7/8/9/10/11,
G_059,구속,포지션_SP+포지션_RP_CP,3/4/5/6/7/8/9/10/11,
G_059,지구력,포지션_SP+포지션_RP_CP,3/4/5/6/7/8/9/10/11,
G_060,구위,ALWAYS,1/1/1/1/1/2/2/3/3,
G_060,변화,ALWAYS,1/1/1/1/1/2/2/3/3,
G_060,제구,ALWAYS,1/1/1/1/1/2/2/3/3,
G_060,구속,ALWAYS,1/1/1/1/1/2/2/3/3,
G_060,구위,OVR열세,1/2/3/4/5/6/7/8/9,
G_060,변화,OVR열세,1/2/3/4/5/6/7/8/9,
G_060,제구,OVR열세,1/2/3/4/5/6/7/8/9,
G_060,구속,OVR열세,1/2/3/4/5/6/7/8/9,
G_061,변화,ALWAYS,1/2/3/4/5/6/7/8/9,
G_061,구속,ALWAYS,1/2/3/4/5/6/7/8/9,
G_061,구위,모드_랭킹대전+모드_라이브매치,2/3/4/5/6/7/8/9/10,
G_061,제구,모드_랭킹대전+모드_라이브매치,2/3/4/5/6/7/8/9/10,
G_062,구위,ALWAYS,1/2/3/4/5/6/7/8/9,
G_062,변화,ALWAYS,1/2/3/4/5/6/7/8/9,
G_062,지구력,ALWAYS,1/2/3/4/5/6/7/8/9,
G_062,파워,원정,2/2/2/2/2/3/4/5/6,
G_062,정확,원정,2/2/2/2/2/3/4/5/6,
G_062,주루,원정,2/2/2/2/2/3/4/5/6,
G_063,구위,ALWAYS,2/2/3/3/4/5/6/7/8,
G_063,변화,ALWAYS,2/2/3/3/4/5/6/7/8,
G_063,파워,포지션_RP_CP,2/3/4/5/6/7/8/9/10,
G_063,정확,포지션_RP_CP,2/3/4/5/6/7/8/9/10,
G_063,선구,포지션_RP_CP,2/3/4/5/6/7/8/9/10,
G_064,구위,ALWAYS,2/3/4/5/6/8/10/12/13,
G_064,제구,ALWAYS,2/3/4/5/6/8/10/12/13,
G_064,정확,선발1_2,1/2/3/4/5/6/7/8/9,
G_064,인내,선발1_2,1/2/3/4/5/6/7/8/9,
G_065,변화,ALWAYS,1/2/3/4/5/6/7/8/9,
G_065,제구,ALWAYS,1/2/3/4/5/6/7/8/9,
G_065,구위,리드,3/4/5/6/7/8/9/10/11,
G_065,구속,리드,3/4/5/6/7/8/9/10/11,
G_066,구위,ALWAYS,1/1/1/2/3/4/5/6/7,
G_066,변화,ALWAYS,1/1/1/2/3/4/5/6/7,
G_066,구위,ALWAYS,1/2/3/3/3/4/5/7/8,
G_066,변화,ALWAYS,1/2/3/3/3/4/5/7/8,
G_066,제구,ALWAYS,1/2/3/3/3/4/5/7/8,
G_066,구위,ALWAYS,1,
G_066,변화,ALWAYS,1,
G_066,제구,ALWAYS,1,
G_067,파워,ALWAYS,1/1/2/2/3/3/4/5/6,
G_067,정확,ALWAYS,1/1/2/2/3/3/4/5/6,
G_067,구위,주자있음,1/2/3/4/5/6/7/8/9,
G_067,변화,주자있음,1/2/3/4/5/6/7/8/9,
G_068,파워,ALWAYS,1/2/3/4/5/5/6/6/7,
G_068,구위,ALWAYS,0.01/0.01/0.01/0.01/0.01/0.02/0.02/0.03/0.03,변화+제구
G_068,변화,ALWAYS,0.01/0.01/0.01/0.01/0.01/0.02/0.02/0.03/0.03,변화+제구
G_069,파워,ALWAYS,1/2/2/3/3/4/5/6/7,
G_069,정확,ALWAYS,1/2/2/3/3/4/5/6/7,
G_069,선구,ALWAYS,1/2/2/3/3/4/5/6/7,
G_069,인내,ALWAYS,1/2/2/3/3/4/5/6/7,
G_069,구위,선발1,1/1/2/3/4/5/7/9/10,
G_069,변화,선발1,1/1/2/3/4/5/7/9/10,
G_069,제구,선발1,1/1/2/3/4/5/7/9/10,
G_069,구속,선발1,1/1/2/3/4/5/7/9/10,
G_070,변화,ALWAYS,1/2/3/4/5/6/7/8/9,
G_070,제구,ALWAYS,1/2/3/4/5/6/7/8/9,
G_070,파워,덱스코어열세,2/3/3/4/4/5/6/7/8,
G_070,정확,덱스코어열세,2/3/3/4/4/5/6/7/8,
G_071,파워,ALWAYS,1/1/2/2/3/3/4/4/5,
G_071,정확,ALWAYS,1/1/2/2/3/3/4/4/5,
G_071,선구,ALWAYS,1/1/2/2/3/3/4/4/5,
G_071,구위,덱스코어열세,1/2/3/4/5/6/7/8/9,
G_071,변화,덱스코어열세,1/2/3/4/5/6/7/8/9,
G_071,제구,덱스코어열세,1/2/3/4/5/6/7/8/9,
G_072,정확,ALWAYS,2/3/4/5/6/7/8/9/10,
G_072,구위,ALWAYS,0.01,스페셜덱
G_072,변화,ALWAYS,0.01,스페셜덱
G_072,제구,ALWAYS,0.01,스페셜덱
G_073,변화,ALWAYS,3/4/5/6/7/8/9/10/11,
G_073,제구,ALWAYS,3/4/5/6/7/8/9/10/11,
G_073,파워,ALWAYS,1/1/1/1/2/2/3/3/4,
G_073,정확,ALWAYS,1/1/1/1/2/2/3/3/4,
G_074,정확,ALWAYS,1/2/3/4/5/6/7/8/9,
G_074,구위,1_3회,2,
G_074,변화,1_3회,2,
G_074,구위,4_6회,5,
G_074,변화,4_6회,5,
G_074,구위,7_9회,7,
G_074,변화,7_9회,7,
G_075,파워,ALWAYS,1/2/3/4/5/6/7/8/9,
G_075,구위,1_3회,7,
G_075,변화,1_3회,7,
G_075,구위,4_6회,5,
G_075,변화,4_6회,5,
G_075,구위,7_9회,2,
G_075,변화,7_9회,2,
G_076,정확,ALWAYS,1/2/3/4/5/6/7/8/9,
G_076,선구,ALWAYS,1/2/3/4/5/6/7/8/9,
G_076,구위,ALWAYS,1/1/1/1/2/3/4/5/6,
G_076,변화,ALWAYS,1/1/1/1/2/3/4/5/6,
M_001,파워,ALWAYS,5,
M_001,정확,ALWAYS,5,
M_001,선구,ALWAYS,5,
M_001,인내,ALWAYS,5,
M_001,파워,홈,1,
M_001,정확,홈,1,
M_001,인내,홈,1,
M_002,구위,ALWAYS,4,
M_002,변화,ALWAYS,4,
M_002,제구,ALWAYS,4,
M_002,구속,OVR열세,5,
M_002,구위,OVR열세,5,
M_002,변화,OVR열세,5,
M_002,제구,OVR열세,5,
M_002,지구력,OVR열세,5,
M_002,수비,OVR열세,5,
M_003,파워,ALWAYS,5,
M_003,정확,ALWAYS,5,
M_003,선구,ALWAYS,5,
M_003,파워,스윗스팟,2,
M_004,파워,ALWAYS,3,
M_004,정확,ALWAYS,3,
M_004,선구,ALWAYS,3,
M_004,인내,ALWAYS,3,
M_004,주루,ALWAYS,3,
M_004,수비,ALWAYS,3,
M_004,파워,모드_랭킹대전+모드_라이브매치,6,
M_004,정확,모드_랭킹대전+모드_라이브매치,6,
M_004,인내,모드_랭킹대전+모드_라이브매치,6,
M_004,구위,OVR열세,4,
M_004,변화,OVR열세,4,
M_005,파워,ALWAYS,4,
M_005,정확,ALWAYS,4,
M_005,선구,ALWAYS,4,
M_005,인내,ALWAYS,4,
M_005,파워,리드,2,
M_005,정확,리드,2,
M_005,선구,리드,2,
M_005,인내,리드,2,
M_006,구위,ALWAYS,2,
M_006,변화,ALWAYS,2,
M_006,파워,ALWAYS,6,
M_006,정확,ALWAYS,6,
M_006,인내,ALWAYS,6,
M_006,수비,ALWAYS,1,
M_007,구위,ALWAYS,6,
M_007,변화,ALWAYS,6,
M_007,파워,포지션_OF+포지션_SS,5,
M_007,정확,포지션_OF+포지션_SS,5,
M_007,주루,포지션_OF+포지션_SS,10,
M_007,수비,포지션_OF+포지션_SS,10,
M_008,구속,ALWAYS,6,
M_008,구위,ALWAYS,6,
M_008,변화,ALWAYS,6,
M_008,제구,ALWAYS,6,
M_008,지구력,ALWAYS,6,
M_008,수비,ALWAYS,6,
M_008,파워,ALWAYS,6,
M_008,정확,ALWAYS,6,
M_008,선구,ALWAYS,6,
M_008,인내,ALWAYS,6,
M_010,파워,ALWAYS,5,
M_010,정확,ALWAYS,5,
M_010,선구,ALWAYS,5,
M_010,인내,ALWAYS,5,
M_010,주루,ALWAYS,5,
M_010,수비,ALWAYS,5,
M_010,파워,포지션_DH,5,
M_010,정확,포지션_DH,5,
M_010,주루,포지션_DH,5,
M_011,구위,ALWAYS,4,
M_011,변화,ALWAYS,4,
M_011,파워,타순6_9+타순8_9,6,
M_011,정확,타순6_9+타순8_9,6,
M_011,선구,타순6_9+타순8_9,6,
M_011,인내,타순6_9+타순8_9,6,
M_011,주루,타순6_9+타순8_9,6,
M_011,수비,타순6_9+타순8_9,6,
M_012,파워,ALWAYS,7,
M_012,정확,ALWAYS,7,
M_012,선구,ALWAYS,7,
M_012,인내,ALWAYS,7,
M_012,주루,ALWAYS,7,
M_012,수비,ALWAYS,7,
M_012,구위,주자있음,3,
M_012,변화,주자있음,3,
M_013,파워,ALWAYS,5,
M_013,정확,ALWAYS,5,
M_013,선구,ALWAYS,5,
M_013,인내,ALWAYS,5,
M_013,주루,ALWAYS,5,
M_013,수비,ALWAYS,5,
M_013,파워,홈,5,
M_013,정확,홈,5,
M_013,인내,홈,5,
M_013,구위,원정,5,
M_013,변화,원정,5,
M_013,지구력,원정,5,
M_014,파워,ALWAYS,5,
M_014,정확,ALWAYS,5,
M_014,선구,ALWAYS,5,
M_014,인내,ALWAYS,5,
M_014,주루,ALWAYS,5,
M_014,수비,ALWAYS,5,
M_014,변화,포지션_C,1,
M_014,구위,포지션_C,2,
M_015,구위,ALWAYS,5,
M_015,변화,ALWAYS,5,
M_015,제구,ALWAYS,5,
M_015,지구력,ALWAYS,5,
M_015,구위,홈,1,
M_015,변화,홈,1,
M_015,지구력,홈,1,
M_016,파워,ALWAYS,4,
M_016,정확,ALWAYS,4,
M_016,인내,ALWAYS,4,
M_016,파워,OVR열세,5,
M_016,정확,OVR열세,5,
M_016,선구,OVR열세,5,
M_016,인내,OVR열세,5,
M_016,주루,OVR열세,5,
M_016,수비,OVR열세,5,
M_017,구위,ALWAYS,5,
M_017,변화,ALWAYS,5,
M_017,제구,ALWAYS,5,
M_017,파워,비김또는리드+포지션_RP_CP,5,
M_017,정확,비김또는리드+포지션_RP_CP,5,
M_018,구위,ALWAYS,4,
M_018,변화,ALWAYS,4,
M_018,구속,ALWAYS,4,
M_018,파워,ALWAYS,6,
M_018,정확,ALWAYS,6,
M_019,구위,ALWAYS,6,
M_019,변화,ALWAYS,6,
M_019,수비,ALWAYS,6,
M_019,파워,포지션_SP+7회까지,3,
M_019,정확,포지션_SP+7회까지,3,
M_019,선구,포지션_SP+7회까지,3,
M_020,구속,ALWAYS,3,
M_020,구위,ALWAYS,3,
M_020,변화,ALWAYS,3,
M_020,제구,ALWAYS,3,
M_020,지구력,ALWAYS,3,
M_020,수비,ALWAYS,3,
M_020,구위,모드_랭킹대전+모드_라이브매치,6,
M_020,변화,모드_랭킹대전+모드_라이브매치,6,
M_020,제구,모드_랭킹대전+모드_라이브매치,6,
M_020,파워,OVR열세,4,
M_020,정확,OVR열세,4,
M_021,구속,ALWAYS,6,
M_021,구위,ALWAYS,6,
M_021,변화,ALWAYS,6,
M_021,제구,ALWAYS,6,
M_021,지구력,ALWAYS,6,
M_021,수비,ALWAYS,6,
M_022,구위,ALWAYS,4,
M_022,변화,ALWAYS,4,
M_022,제구,ALWAYS,4,
M_022,구속,ALWAYS,4,
M_022,구위,리드,2,
M_022,변화,리드,2,
M_022,제구,리드,2,
M_022,구속,리드,2,
M_023,파워,ALWAYS,6,
M_023,정확,ALWAYS,6,
M_023,선구,ALWAYS,6,
M_023,인내,ALWAYS,6,
M_023,주루,ALWAYS,6,
M_023,수비,ALWAYS,6,
M_023,구위,ALWAYS,6,
M_023,변화,ALWAYS,6,
M_023,제구,ALWAYS,6,
M_023,구속,ALWAYS,6,
M_024,파워,ALWAYS,4,
M_024,정확,ALWAYS,4,
M_024,선구,ALWAYS,4,
M_024,구위,비김또는리드,5,
M_024,변화,비김또는리드,5,
M_024,구속,비김또는리드,5,
M_024,구위,ALWAYS,6,
M_024,변화,ALWAYS,6,
M_024,제구,ALWAYS,6,
M_025,구위,ALWAYS,6,
M_025,변화,ALWAYS,6,
M_025,구속,ALWAYS,6,
M_025,파워,주자있음,5,
M_025,정확,주자있음,5,
M_025,인내,주자있음,5,
M_025,구위,OVR열세,3,
M_025,변화,OVR열세,3,
M_025,제구,OVR열세,3,
M_026,구속,ALWAYS,7,
M_026,구위,ALWAYS,7,
M_026,변화,ALWAYS,7,
M_026,제구,ALWAYS,7,
M_026,지구력,ALWAYS,7,
M_026,수비,ALWAYS,7,
M_026,파워,ALWAYS,2,
M_026,정확,ALWAYS,2,
M_027,파워,7회이후,2,
M_027,정확,7회이후,2,
M_027,선구,7회이후,2,
M_027,인내,7회이후,2,
M_027,파워,ALWAYS,7,
M_027,정확,ALWAYS,7,
M_027,선구,ALWAYS,7,
M_028,구속,ALWAYS,5,
M_028,구위,ALWAYS,5,
M_028,변화,ALWAYS,5,
M_028,제구,ALWAYS,5,
M_028,지구력,ALWAYS,5,
M_028,수비,ALWAYS,5,
M_028,구위,홈,5,
M_028,변화,홈,5,
M_028,지구력,홈,5,
M_028,파워,원정,5,
M_028,정확,원정,5,
M_028,인내,원정,5,
M_029,구위,ALWAYS,7,
M_029,변화,ALWAYS,7,
M_029,제구,ALWAYS,7,
M_029,구위,등판후9타자,5,
M_029,변화,등판후9타자,5,
M_029,제구,등판후9타자,5,
M_029,파워,모드_리그+모드_라이브매치+모드_타점배틀,3,
M_029,정확,모드_리그+모드_라이브매치+모드_타점배틀,3,
M_030,파워,ALWAYS,5,
M_030,정확,ALWAYS,5,
M_030,선구,ALWAYS,5,
M_030,구위,OVR열세,5,
M_030,변화,OVR열세,5,
M_030,제구,OVR열세,5,
M_031,구위,ALWAYS,6,
M_031,변화,ALWAYS,6,
M_031,제구,ALWAYS,6,
M_031,구위,ALWAYS,8,
M_031,변화,ALWAYS,8,
M_031,파워,비김또는리드,9,
M_031,정확,비김또는리드,9,
M_031,선구,비김또는리드,9,
M_032,파워,ALWAYS,7,
M_032,정확,ALWAYS,7,
M_032,선구,ALWAYS,7,
M_032,파워,두번째타석까지,5,
M_032,정확,두번째타석까지,5,
M_032,선구,두번째타석까지,5,
M_032,구위,모드_리그+모드_라이브매치+모드_타점배틀,3,
M_032,변화,모드_리그+모드_라이브매치+모드_타점배틀,3,
M_033,구위,ALWAYS,5,
M_033,변화,ALWAYS,5,
M_033,제구,ALWAYS,5,
M_033,파워,OVR열세,5,
M_033,정확,OVR열세,5,
M_033,선구,OVR열세,5,
M_034,파워,ALWAYS,3,
M_034,정확,ALWAYS,3,
M_034,파워,OVR우세,5,
M_034,정확,OVR우세,5,
M_034,파워,스윗스팟,10,
M_034,정확,스윗스팟,5,
M_035,파워,ALWAYS,2,
M_035,정확,ALWAYS,2,
M_035,선구,ALWAYS,2,
M_035,인내,ALWAYS,2,
M_035,주루,ALWAYS,2,
M_035,수비,ALWAYS,2,
M_035,파워,주자있음,3,
M_035,정확,주자있음,3,
M_035,인내,주자있음,3,
M_036,파워,ALWAYS,6,
M_036,정확,ALWAYS,6,
M_036,선구,ALWAYS,6,
M_036,인내,ALWAYS,6,
M_036,주루,ALWAYS,6,
M_036,수비,ALWAYS,6,
M_036,파워,모드_리그,8,
M_036,정확,모드_리그,8,
M_036,선구,모드_리그,8,
M_036,인내,모드_리그,8,
M_036,주루,모드_리그,8,
M_036,수비,모드_리그,8,
M_037,파워,ALWAYS,4,
M_037,정확,ALWAYS,4,
M_037,선구,ALWAYS,4,
M_037,인내,ALWAYS,4,
M_037,주루,ALWAYS,4,
M_037,수비,ALWAYS,4,
M_037,파워,비김또는열세,10,
M_037,정확,비김또는열세,10,
M_037,선구,비김또는열세,10,
M_038,구속,ALWAYS,2,
M_038,구위,ALWAYS,2,
M_038,변화,ALWAYS,2,
M_038,제구,ALWAYS,2,
M_038,지구력,ALWAYS,2,
M_038,수비,ALWAYS,2,
M_038,변화,주자있음,3,
M_038,구속,주자있음,3,
M_039,구속,ALWAYS,6,
M_039,구위,ALWAYS,6,
M_039,변화,ALWAYS,6,
M_039,제구,ALWAYS,6,
M_039,지구력,ALWAYS,6,
M_039,수비,ALWAYS,6,
M_039,구속,모드_리그,8,
M_039,구위,모드_리그,8,
M_039,변화,모드_리그,8,
M_039,제구,모드_리그,8,
M_039,지구력,모드_리그,8,
M_039,수비,모드_리그,8,
M_040,구속,ALWAYS,4,
M_040,구위,ALWAYS,4,
M_040,변화,ALWAYS,4,
M_040,제구,ALWAYS,4,
M_040,지구력,ALWAYS,4,
M_040,수비,ALWAYS,4,
M_040,구위,비김또는열세,10,
M_040,변화,비김또는열세,10,
M_040,제구,비김또는열세,10,
M_041,구위,ALWAYS,10,
M_041,변화,ALWAYS,10,
M_041,파워,인내<구속,10,
M_041,정확,인내<구속,10,
M_041,선구,인내<구속,10,
M_042,파워,ALWAYS,11,
M_042,정확,ALWAYS,11,
M_042,선구,ALWAYS,11,
M_042,인내,ALWAYS,11,
M_042,주루,ALWAYS,11,
M_042,수비,ALWAYS,11,
M_042,구위,마에스트로누적,12,
M_042,변화,마에스트로누적,12,
M_043,구속,ALWAYS,9,
M_043,변화,ALWAYS,9,
M_043,구위,ALWAYS,9,
M_043,제구,ALWAYS,9,
M_043,파워,9회까지,9,
M_043,정확,9회까지,9,
M_043,선구,9회까지,9,
M_044,파워,파워정확합>주루수비합,12,
M_044,정확,파워정확합>주루수비합,12,
M_044,선구,파워정확합>주루수비합,12,
M_044,파워,포지션_DH,6,
M_044,정확,포지션_DH,6,
M_044,선구,포지션_DH,6,
WBC_001,파워,ALWAYS,9/11/13,
WBC_001,정확,ALWAYS,9/11/13,
WBC_001,선구,ALWAYS,9/11/13,
WBC_001,인내,ALWAYS,9/11/13,
WBC_001,주루,ALWAYS,9/11/13,
WBC_001,수비,ALWAYS,9/11/13,
WBC_002,구위,ALWAYS,6/7/8/9/10/11/12/13/14,
WBC_002,변화,ALWAYS,6/7/8/9/10/11/12/13/14,
WBC_002,제구,ALWAYS,6/7/8/9/10/11/12/13/14,
WBC_002,파워,주자있음,7/9/11,
WBC_002,정확,주자있음,7/9/11,
WBC_003,파워,ALWAYS,8/9/10/11/12/13/14/15/16,
WBC_003,정확,ALWAYS,8/9/10/11/12/13/14/15/16,
WBC_003,선구,ALWAYS,8/9/10/11/12/13/14/15/16,
WBC_003,인내,ALWAYS,8/9/10/11/12/13/14/15/16,
WBC_003,주루,ALWAYS,8/9/10/11/12/13/14/15/16,
WBC_003,수비,ALWAYS,8/9/10/11/12/13/14/15/16,
WBC_003,파워,OVR열세,8/9/10/11/12/13/14/15/16,
WBC_003,정확,OVR열세,8/9/10/11/12/13/14/15/16,
WBC_003,선구,OVR열세,8/9/10/11/12/13/14/15/16,
WBC_003,인내,OVR열세,8/9/10/11/12/13/14/15/16,
WBC_004,파워,ALWAYS,6/8/10,
WBC_004,정확,ALWAYS,6/8/10,
WBC_004,인내,ALWAYS,6/8/10,
WBC_004,구위,모드_랭킹대전+모드_라이브매치,3/4/5/6/7/8/9/10/11,
WBC_004,변화,모드_랭킹대전+모드_라이브매치,3/4/5/6/7/8/9/10/11,
WBC_004,제구,모드_랭킹대전+모드_라이브매치,3/4/5/6/7/8/9/10/11,
WBC_005,파워,ALWAYS,8/9/10/11/12/13/14/15/16,
WBC_005,정확,ALWAYS,8/9/10/11/12/13/14/15/16,
WBC_005,선구,ALWAYS,8/9/10/11/12/13/14/15/16,
WBC_005,인내,ALWAYS,8/9/10/11/12/13/14/15/16,
WBC_005,주루,ALWAYS,8/9/10/11/12/13/14/15/16,
WBC_005,수비,ALWAYS,8/9/10/11/12/13/14/15/16,
WBC_005,파워,ALWAYS,1/2/2,
WBC_005,정확,ALWAYS,1/1/2,
WBC_006,구위,포지션_OF,6/7/8/9/10/11/12/13/14,
WBC_006,변화,포지션_OF,6/7/8/9/10/11/12/13/14,
WBC_006,파워,ALWAYS,0.02/0.02/0.03,주루+수비
WBC_006,정확,ALWAYS,0.02/0.02/0.03,주루+수비
WBC_007,구속,ALWAYS,9/11/13,
WBC_007,구위,ALWAYS,9/11/13,
WBC_007,변화,ALWAYS,9/11/13,
WBC_007,제구,ALWAYS,9/11/13,
WBC_007,지구력,ALWAYS,9/11/13,
WBC_007,수비,ALWAYS,9/11/13,
WBC_008,파워,ALWAYS,6/7/8/9/10/11/12/13/14,
WBC_008,정확,ALWAYS,6/7/8/9/10/11/12/13/14,
WBC_008,인내,ALWAYS,6/7/8/9/10/11/12/13/14,
WBC_008,구위,주자있음,7/9/11,
WBC_008,변화,주자있음,7/9/11,
WBC_009,구속,ALWAYS,8/9/10/11/12/13/14/15/16,
WBC_009,구위,ALWAYS,8/9/10/11/12/13/14/15/16,
WBC_009,변화,ALWAYS,8/9/10/11/12/13/14/15/16,
WBC_009,제구,ALWAYS,8/9/10/11/12/13/14/15/16,
WBC_009,지구력,ALWAYS,8/9/10/11/12/13/14/15/16,
WBC_009,수비,ALWAYS,8/9/10/11/12/13/14/15/16,
WBC_009,구위,OVR열세,8/9/10/11/12/13/14/15/16,
WBC_009,변화,OVR열세,8/9/10/11/12/13/14/15/16,
WBC_009,제구,OVR열세,8/9/10/11/12/13/14/15/16,
WBC_009,구속,OVR열세,8/9/10/11/12/13/14/15/16,
WBC_010,구위,ALWAYS,6/8/10,
WBC_010,변화,ALWAYS,6/8/10,
WBC_010,구속,ALWAYS,6/8/10,
WBC_010,파워,모드_랭킹대전+모드_라이브매치,3/4/5/6/7/8/9/10/11,
WBC_010,정확,모드_랭킹대전+모드_라이브매치,3/4/5/6/7/8/9/10/11,
WBC_010,선구,모드_랭킹대전+모드_라이브매치,3/4/5/6/7/8/9/10/11,
WBC_011,구속,ALWAYS,8/9/10/11/12/13/14/15/16,
WBC_011,구위,ALWAYS,8/9/10/11/12/13/14/15/16,
WBC_011,변화,ALWAYS,8/9/10/11/12/13/14/15/16,
WBC_011,제구,ALWAYS,8/9/10/11/12/13/14/15/16,
WBC_011,지구력,ALWAYS,8/9/10/11/12/13/14/15/16,
WBC_011,수비,ALWAYS,8/9/10/11/12/13/14/15/16,
WBC_011,변화,ALWAYS,1/1/2,
WBC_012,파워,ALWAYS,3/4/5/6/7/8/9/10/11,
WBC_012,정확,ALWAYS,3/4/5/6/7/8/9/10/11,
WBC_012,구속,선발1_2,3/4/5/6/7/8/9/10/11,
WBC_012,구위,선발1_2,3/4/5/6/7/8/9/10/11,
WBC_012,변화,선발1_2,3/4/5/6/7/8/9/10/11,
WBC_012,제구,선발1_2,3/4/5/6/7/8/9/10/11,
WBC_012,지구력,선발1_2,3/4/5/6/7/8/9/10/11,
WBC_012,수비,선발1_2,3/4/5/6/7/8/9/10/11,
WBC_013,구위,ALWAYS,0.04/0.04/0.05,구속
WBC_013,변화,ALWAYS,0.04/0.04/0.05,구속
WBC_013,파워,속구선택,6/7/8/9/10/11/12/13/14,
WBC_013,정확,속구선택,6/7/8/9/10/11/12/13/14,
WBC_013,선구,속구선택,6/7/8/9/10/11/12/13/14,
WBC_014,파워,ALWAYS,6/7/8/9/10/11/12/13/14,
WBC_014,정확,ALWAYS,6/7/8/9/10/11/12/13/14,
WBC_014,선구,ALWAYS,6/7/8/9/10/11/12/13/14,
WBC_014,구위,주자없음,5/7/9,
WBC_014,변화,주자없음,5/7/9,
WBC_015,구위,ALWAYS,6/7/8/9/10/11/12/13/14,
WBC_015,변화,ALWAYS,6/7/8/9/10/11/12/13/14,
WBC_015,파워,타순1,7/8/9/10/11/12/13/14/15,
WBC_015,정확,타순1,7/8/9/10/11/12/13/14/15,
WBC_015,선구,타순1,7/8/9/10/11/12/13/14/15,
WBC_015,인내,타순1,7/8/9/10/11/12/13/14/15,
WBC_015,주루,타순1,7/8/9/10/11/12/13/14/15,
WBC_015,수비,타순1,7/8/9/10/11/12/13/14/15,
WBC_016,파워,ALWAYS,9/10/11/12/13/14/15/16/17,
WBC_016,정확,ALWAYS,9/10/11/12/13/14/15/16/17,
WBC_016,선구,ALWAYS,9/10/11/12/13/14/15/16/17,
WBC_016,주루,ALWAYS,9/10/11/12/13/14/15/16/17,
WBC_016,구위,ALWAYS,6/7/8/9/10/11/12/13/14,
WBC_016,변화,ALWAYS,6/7/8/9/10/11/12/13/14,
BLACK_001,파워,발사각조건+포지션_DH,1/2/3/4/5/8/11,
BLACK_001,인내,발사각조건+포지션_DH,1/2/3/4/5/8/11,
BLACK_001,정확,발사각조건+포지션_DH,1/2/3/4/5/8/11,
BLACK_001,선구,발사각조건+포지션_DH,1/2/3/4/5/8/11,
BLACK_001,구위,발사각조건+포지션_DH,2/3/3/4/4/6/7,
BLACK_001,변화,발사각조건+포지션_DH,2/3/3/4/4/6/7,
BLACK_001,구속,발사각조건+포지션_DH,2/3/3/4/4/6/7,
BLACK_002,정확,ALWAYS,2/3/3/4/4/7/9,
BLACK_002,파워,ALWAYS,2/3/3/4/4/7/9,
BLACK_002,인내,ALWAYS,2/3/3/4/4/7/9,
BLACK_002,구위,모드_랭킹대전+모드_라이브매치,1/1/1/1/2/4/6,
BLACK_002,변화,모드_랭킹대전+모드_라이브매치,1/1/1/1/2/4/6,
BLACK_003,파워,ALWAYS,1/2/3/4/5/6/7,
BLACK_003,정확,ALWAYS,1/2/3/4/5/6/7,
BLACK_003,구위,모드_리그,3/4/5/6/7/11/15,
BLACK_003,변화,모드_리그,3/4/5/6/7/11/15,
BLACK_003,제구,모드_리그,3/4/5/6/7/11/15,
BLACK_003,구속,모드_리그,3/4/5/6/7/11/15,
BLACK_004,파워,타순1_2,2/3/3/4/4/7/9,
BLACK_004,정확,타순1_2,2/3/3/4/4/7/9,
BLACK_004,선구,타순1_2,2/3/3/4/4/7/9,
BLACK_004,인내,타순1_2,2/3/3/4/4/7/9,
BLACK_004,주루,타순1_2,2/3/3/4/4/7/9,
BLACK_004,수비,타순1_2,2/3/3/4/4/7/9,
BLACK_004,파워,주자있음+발사각조건,1/2/3/4/5/8/10,
BLACK_004,정확,주자있음+발사각조건,1/2/3/4/5/8/10,
BLACK_004,정확,주자없음+발사각조건,4/5/6/7/8/11/14,
BLACK_004,선구,주자없음+발사각조건,4/5/6/7/8/11/14,
BLACK_004,인내,주자없음+발사각조건,4/5/6/7/8/11/14,
BLACK_005,구위,ALWAYS,2/3/3/4/4/5/6,
BLACK_005,변화,ALWAYS,2/3/3/4/4/5/6,
BLACK_005,파워,타순3_4_5+타순4_5,1/2/3/4/5/7/11,
BLACK_005,정확,타순3_4_5+타순4_5,1/2/3/4/5/7/11,
BLACK_005,선구,타순3_4_5+타순4_5,1/2/3/4/5/7/11,
BLACK_005,인내,타순3_4_5+타순4_5,1/2/3/4/5/7/11,
BLACK_006,파워,타순8_9,5/5/5/5/5/4/4,
BLACK_006,정확,타순8_9,5/6/7/8/9/11/13,
BLACK_006,선구,타순8_9,5/6/7/8/9/11/13,
BLACK_006,인내,타순8_9,5/6/7/8/9/11/13,
BLACK_006,주루,타순8_9,5/6/7/8/9/11/13,
BLACK_006,구위,ALWAYS,2/2/3/3/4/4/5,
BLACK_006,변화,ALWAYS,2/2/3/3/4/4/5,
BLACK_007,구위,ALWAYS,2/3/3/4/4/6/7,
BLACK_007,변화,ALWAYS,2/3/3/4/4/6/7,
BLACK_007,정확,타순6_9+타순8_9,2/2/3/3/4/6/8,
BLACK_007,파워,타순6_9+타순8_9,2/2/3/3/4/6/8,
BLACK_007,인내,타순6_9+타순8_9,2/2/3/3/4/6/8,
BLACK_008,구위,ALWAYS,1/1/2/2/2/4/5,
BLACK_008,변화,ALWAYS,1/1/2/2/2/4/5,
BLACK_008,구속,ALWAYS,1/1/2/2/2/4/5,
BLACK_008,파워,주자있음,2/3/3/4/4/6/7,
BLACK_008,정확,주자있음,2/3/3/4/4/6/7,
BLACK_008,파워,모드_타점배틀,1/2/3/4/5/8/12,
BLACK_008,선구,모드_타점배틀,1/2/3/4/5/8/12,
BLACK_009,구위,ALWAYS,2/3/3/4/4/7/9,
BLACK_009,변화,ALWAYS,2/3/3/4/4/7/9,
BLACK_009,제구,ALWAYS,2/3/3/4/4/7/9,
BLACK_009,구속,ALWAYS,2/3/3/4/4/7/9,
BLACK_009,파워,상대팀홈런3,1/1/1/1/2/4/6,
BLACK_009,정확,상대팀홈런3,1/1/1/1/2/4/6,
BLACK_009,선구,상대팀홈런3,1/1/1/1/2/4/6,
BLACK_009,인내,상대팀홈런3,1/1/1/1/2/4/6,
BLACK_010,구위,포지션_DH,2/3/3/4/4/7/9,
BLACK_010,변화,포지션_DH,2/3/3/4/4/7/9,
BLACK_010,파워,타순1,1/2/3/4/5/8/10,
BLACK_010,정확,타순1,1/2/3/4/5/8/10,
BLACK_010,선구,타순1,1/2/3/4/5/8/10,
BLACK_011,변화,ALWAYS,2/3/3/4/4/6/8,
BLACK_011,제구,ALWAYS,2/3/3/4/4/6/8,
BLACK_011,파워,1스트라이크,3/3/3/3/4/5/6,
BLACK_011,정확,1스트라이크,3/3/3/3/4/5/6,
BLACK_011,파워,2스트라이크,6/6/6/6/8/10/12,
BLACK_011,정확,2스트라이크,6/6/6/6/8/10/12,
BLACK_011,파워,모드_라이브매치,1/1/2/3/4/6/8,
BLACK_011,선구,모드_라이브매치,1/1/2/3/4/6/8,
BLACK_012,정확,ALWAYS,3/4/5/6/7/10/13,
BLACK_012,파워,ALWAYS,3/4/5/6/7/10/13,
BLACK_012,선구,ALWAYS,3/4/5/6/7/10/13,
BLACK_012,인내,ALWAYS,3/4/5/6/7/10/13,
BLACK_013,변화,포지션_SP,2/3/4/5/6/10/14,
BLACK_013,제구,포지션_SP,2/3/4/5/6/10/14,
BLACK_013,정확,변화구선택,1/2/3/4/5/8/12,
BLACK_013,선구,변화구선택,1/2/3/4/5/8/12,
BLACK_014,구위,ALWAYS,2/3/3/4/4/7/9,
BLACK_014,변화,ALWAYS,2/3/3/4/4/7/9,
BLACK_014,구속,ALWAYS,2/3/3/4/4/7/9,
BLACK_014,정확,모드_랭킹대전+모드_라이브매치,1/1/1/1/2/4/6,
BLACK_014,파워,모드_랭킹대전+모드_라이브매치,1/1/1/1/2/4/6,
BLACK_015,구위,ALWAYS,1/2/3/4/5/6/7,
BLACK_015,변화,ALWAYS,1/2/3/4/5/6/7,
BLACK_015,파워,모드_리그,3/4/5/6/7/11/15,
BLACK_015,정확,모드_리그,3/4/5/6/7/11/15,
BLACK_015,선구,모드_리그,3/4/5/6/7/11/15,
BLACK_015,인내,모드_리그,3/4/5/6/7/11/15,
BLACK_016,구위,포지션_SP,2/3/4/5/6/10/14,
BLACK_016,구속,포지션_SP,2/3/4/5/6/10/14,
BLACK_016,정확,속구선택,1/2/3/4/5/8/12,
BLACK_016,인내,속구선택,1/2/3/4/5/8/12,
BLACK_017,구위,ALWAYS,2/3/3/4/4/6/9,
BLACK_017,변화,ALWAYS,2/3/3/4/4/6/9,
BLACK_017,구속,ALWAYS,2/3/3/4/4/6/9,
BLACK_017,정확,선발1_2+6회까지,1/2/3/4/5/7/10,
BLACK_017,선구,선발1_2+6회까지,1/2/3/4/5/7/10,
BLACK_018,파워,ALWAYS,2/3/3/4/4/6/7,
BLACK_018,정확,ALWAYS,2/3/3/4/4/6/7,
BLACK_018,구위,선발4_5,2/2/3/3/4/6/8,
BLACK_018,변화,선발4_5,2/2/3/3/4/6/8,
BLACK_018,구속,선발4_5,2/2/3/3/4/6/8,
BLACK_019,정확,ALWAYS,1/1/2/2/2/4/5,
BLACK_019,인내,ALWAYS,1/1/2/2/2/4/5,
BLACK_019,구위,주자있음,2/3/3/4/4/6/7,
BLACK_019,변화,주자있음,2/3/3/4/4/6/7,
BLACK_019,구위,모드_타점배틀,1/2/3/4/5/8/12,
BLACK_019,제구,모드_타점배틀,1/2/3/4/5/8/12,
BLACK_020,정확,ALWAYS,2/3/3/4/4/7/9,
BLACK_020,선구,ALWAYS,2/3/3/4/4/7/9,
BLACK_020,구위,리드,1/1/2/3/4/6/7,
BLACK_020,변화,리드,1/1/2/3/4/6/7,
BLACK_020,구위,모드_라이브매치,2/3/3/4/4/7/9,
BLACK_020,제구,모드_라이브매치,2/3/3/4/4/7/9,
BLACK_021,구위,ALWAYS,3/4/5/6/7/10/13,
BLACK_021,변화,ALWAYS,3/4/5/6/7/10/13,
BLACK_021,제구,ALWAYS,3/4/5/6/7/10/13,
BLACK_021,구속,ALWAYS,3/4/5/6/7/10/13,
BLACK_022,파워,ALWAYS,2/3/3/4/4/6/8,
BLACK_022,정확,ALWAYS,2/3/3/4/4/6/8,
BLACK_022,구위,이닝출루2인이상,1/1/2/3/4/6/8,
BLACK_022,변화,이닝출루2인이상,1/1/2/3/4/6/8,
BLACK_022,제구,이닝출루2인이상,1/1/2/3/4/6/8,
BLACK_022,구속,이닝출루2인이상,1/1/2/3/4/6/8,
BLACK_023,구위,포지션_OF,2/3/3/4/4/7/9,
BLACK_023,변화,포지션_OF,2/3/3/4/4/7/9,
BLACK_023,파워,타순3_4_5+타순4_5,1/2/3/4/5/8/10,
BLACK_023,정확,타순3_4_5+타순4_5,1/2/3/4/5/8/10,
BLACK_023,주루,타순3_4_5+타순4_5,1/2/3/4/5/8/10,
BLACK_023,수비,타순3_4_5+타순4_5,1/2/3/4/5/8/10,
BLACK_024,구위,포지션_SS,1/2/2/3/3/6/8,
BLACK_024,변화,포지션_SS,1/2/2/3/3/6/8,
BLACK_024,파워,포지션_SS,2/3/4/5/6/9/11,
BLACK_024,정확,포지션_SS,2/3/4/5/6/9/11,
BLACK_024,선구,포지션_SS,2/3/4/5/6/9/11,
BLACK_024,인내,포지션_SS,2/3/4/5/6/9/11,
BLACK_024,주루,포지션_SS,2/3/4/5/6/9/11,
BLACK_024,수비,포지션_SS,2/3/4/5/6/9/11,
HOF_001,구위,ALWAYS,2/3/4/5/6/7,
HOF_001,변화,ALWAYS,2/3/4/5/6/7,
HOF_001,구속,ALWAYS,2/3/4/5/6/7,
HOF_001,파워,5회이후,4,
HOF_001,정확,5회이후,4,
HOF_001,인내,5회이후,4,
HOF_001,파워,7회이후,1/2/2/3/3/5,
HOF_001,정확,7회이후,1/2/2/3/3/5,
HOF_001,선구,7회이후,1/2/2/3/3/5,
HOF_002,정확,ALWAYS,2/3/4/5/6/7,
HOF_002,구위,ALWAYS,2/3/4/5/6/7,
HOF_002,변화,ALWAYS,2/3/4/5/6/7,
HOF_002,파워,모드_랭킹대전,4/5/6/7/8/9,
HOF_002,선구,모드_랭킹대전,5/6/7/8/9/10,
HOF_002,정확,모드_클럽,4/5/6/7/8/9,
HOF_002,인내,모드_클럽,5/6/7/8/9/10,
HOF_003,구위,ALWAYS,1/2/4/6/8/9,
HOF_003,변화,ALWAYS,1/2/4/6/8/9,
HOF_003,제구,ALWAYS,1/2/4/6/8/9,
HOF_003,구속,ALWAYS,1/2/4/6/8/9,
HOF_003,파워,모드_리그,2/3/5/5/6/8,
HOF_003,정확,모드_리그,2/3/5/5/6/8,
HOF_003,선구,모드_리그,2/3/5/5/6/8,
HOF_003,파워,모드_리그,1,
HOF_003,정확,모드_리그,1,
HOF_004,구위,ALWAYS,5,
HOF_004,변화,ALWAYS,5,
HOF_004,파워,ALWAYS,0.02/0.02/0.02/0.02/0.02/0.03,정확
HOF_004,정확,ALWAYS,0.02/0.02/0.02/0.02/0.02/0.03,정확
HOF_004,파워,타순1_2,3/5/6/6/6/7,
HOF_004,정확,타순1_2,3/5/6/6/6/7,
HOF_004,선구,타순1_2,3/5/6/6/6/7,
HOF_004,주루,타순1_2,3/5/6/6/6/7,
HOF_005,구위,ALWAYS,4/5/5/6/6/7,
HOF_005,변화,ALWAYS,4/5/5/6/6/7,
HOF_005,파워,타순3_4_5+타순4_5,3/3/4/5/6/7,
HOF_005,정확,타순3_4_5+타순4_5,3/3/4/5/6/7,
HOF_005,변화,타순3_4_5+타순4_5,3/3/4/5/6/7,
HOF_006,파워,ALWAYS,6,
HOF_006,정확,ALWAYS,6,
HOF_006,선구,ALWAYS,6,
HOF_006,인내,ALWAYS,6,
HOF_006,파워,ALWAYS,0.02/0.02/0.02/0.02/0.02/0.03,정확
HOF_006,정확,ALWAYS,0.02/0.02/0.02/0.02/0.02/0.03,정확
HOF_006,구위,타순6_9+타순8_9,6,
HOF_006,변화,타순6_9+타순8_9,6,
HOF_007,구위,ALWAYS,2/3/4/5/6/7,
HOF_007,변화,ALWAYS,2/3/4/5/6/7,
HOF_007,제구,ALWAYS,2/3/4/5/6/7,
HOF_007,구속,ALWAYS,2/3/4/5/6/7,
HOF_007,정확,주자있음,6,
HOF_007,선구,주자있음,6,
HOF_007,파워,ALWAYS,1/2/2/3/3/5,
HOF_007,정확,ALWAYS,1/2/2/3/3/5,
HOF_007,인내,ALWAYS,1/2/2/3/3/5,
HOF_008,파워,ALWAYS,1/2/3/4/5/6,
HOF_008,정확,ALWAYS,1/2/3/4/5/6,
HOF_008,선구,ALWAYS,1/2/3/4/5/6,
HOF_008,파워,ALWAYS,0.02,정확
HOF_008,구위,주자없음,3,
HOF_008,변화,주자없음,3,
HOF_008,구속,주자없음,3,
HOF_009,구위,ALWAYS,4/6/7/7/8/9,
HOF_009,변화,ALWAYS,4/6/7/7/8/9,
HOF_009,정확,타순2_3,1/2/3/3/4/5,
HOF_009,구위,타순2_3,1/2/3/3/4/5,
HOF_009,변화,타순2_3,1/2/3/3/4/5,
HOF_009,파워,타순4_5,2/4/5/5/6/7,
HOF_009,정확,타순4_5,2/4/5/5/6/7,
HOF_009,선구,타순4_5,2/4/5/5/6/7,
HOF_010,구위,ALWAYS,2/3/4/5/6/7,
HOF_010,변화,ALWAYS,2/3/4/5/6/7,
HOF_010,구속,ALWAYS,2/3/4/5/6/7,
HOF_010,정확,ALWAYS,2/3/4/5/6/7,
HOF_010,인내,ALWAYS,2/3/4/5/6/7,
HOF_010,파워,ALWAYS,2/2/3/4/4/5,
HOF_010,정확,ALWAYS,2/2/3/4/4/5,
HOF_010,선구,ALWAYS,2/2/3/4/4/5,
HOF_010,인내,ALWAYS,2/2/3/4/4/5,
HOF_010,주루,ALWAYS,2/2/3/4/4/5,
HOF_010,수비,ALWAYS,2/2/3/4/4/5,
HOF_011,파워,ALWAYS,4/6/7/8/8/9,
HOF_011,정확,ALWAYS,4/6/7/8/8/9,
HOF_011,선구,ALWAYS,4/6/7/8/8/9,
HOF_011,인내,ALWAYS,4/6/7/8/8/9,
HOF_011,주루,ALWAYS,4/6/7/8/8/9,
HOF_011,수비,ALWAYS,4/6/7/8/8/9,
HOF_011,파워,스윗스팟,8,
HOF_011,정확,스윗스팟,8,
HOF_011,구위,ALWAYS,1/1/1/1/1/2,
HOF_011,변화,ALWAYS,1/1/1/1/1/2,
HOF_011,제구,ALWAYS,1/1/1/1/1/2,
HOF_012,구위,ALWAYS,1/2/3/4/5/6,
HOF_012,구속,ALWAYS,1/2/3/4/5/6,
HOF_012,변화,ALWAYS,1/2/3/4/5/6,
HOF_012,제구,ALWAYS,1/2/3/4/5/6,
HOF_012,지구력,ALWAYS,1/2/3/4/5/6,
HOF_012,수비,ALWAYS,1/2/3/4/5/6,
HOF_012,파워,ALWAYS,1/1/1/1/1/2,
HOF_012,정확,ALWAYS,1/1/1/1/1/2,
HOF_013,구위,ALWAYS,1/2/2/3/3/4,
HOF_013,변화,ALWAYS,1/2/2/3/3/4,
HOF_013,제구,ALWAYS,1/2/2/3/3/4,
HOF_013,구속,ALWAYS,1/2/2/3/3/4,
HOF_013,파워,스트라이크타격,1/2/3/4/5/6,
HOF_013,파워,ALWAYS,3/4/6/8/10/13,
HOF_013,정확,ALWAYS,3/4/6/8/10/13,
HOF_014,파워,ALWAYS,3/4/5/6/7/8,
HOF_014,정확,ALWAYS,3/4/5/6/7/8,
HOF_014,선구,ALWAYS,3/4/5/6/7/8,
HOF_014,인내,ALWAYS,3/4/5/6/7/8,
HOF_014,주루,ALWAYS,3/4/5/6/7/8,
HOF_014,수비,ALWAYS,3/4/5/6/7/8,
HOF_014,파워,OVR열세,8/9/10/11/12/13,
HOF_014,정확,OVR열세,8/9/10/11/12/13,
HOF_014,선구,OVR열세,8/9/10/11/12/13,
HOF_014,인내,OVR열세,8/9/10/11/12/13,
HOF_015,구위,ALWAYS,2/3/4/5/6/7,
HOF_015,구속,ALWAYS,2/3/4/5/6/7,
HOF_015,변화,ALWAYS,2/3/4/5/6/7,
HOF_015,제구,ALWAYS,2/3/4/5/6/7,
HOF_015,지구력,ALWAYS,2/3/4/5/6/7,
HOF_015,수비,ALWAYS,2/3/4/5/6/7,
HOF_015,파워,우투상대,3/4/5/6/7/9,
HOF_015,정확,우투상대,3/4/5/6/7/9,
HOF_015,선구,우투상대,3/4/5/6/7/9,
HOF_015,파워,좌투상대,3/4/5/6/7/9,
HOF_015,정확,좌투상대,3/4/5/6/7/9,
HOF_015,선구,좌투상대,3/4/5/6/7/9,
HOF_016,파워,ALWAYS,1/2/3/4/4/5,
HOF_016,정확,ALWAYS,1/2/3/4/4/5,
HOF_016,구위,ALWAYS,1/2/3/4/4/5,
HOF_016,파워,포지션_OF,4/5/6/7/8/9,
HOF_016,정확,포지션_OF,4/5/6/7/8/9,
HOF_016,주루,포지션_OF,4/5/6/7/8/9,
HOF_016,수비,포지션_OF,4/5/6/7/8/9,
HOF_017,구위,ALWAYS,3/5/6/6/7/8,
HOF_017,변화,ALWAYS,3/5/6/6/7/8,
HOF_017,제구,ALWAYS,3/5/6/6/7/8,
HOF_017,파워,ALWAYS,1/3/4/4/5/6,
HOF_017,파워,ALWAYS,2/3/3/4/4/5,
HOF_017,정확,ALWAYS,2/3/3/4/4/5,
HOF_017,선구,ALWAYS,2/3/3/4/4/5,
HOF_018,파워,ALWAYS,5,
HOF_018,정확,ALWAYS,5,
HOF_018,구위,ALWAYS,5,
HOF_018,구위,선구>제구,1/2/3/4/5/6,
HOF_018,변화,선구>제구,1/2/3/4/5/6,
HOF_019,파워,ALWAYS,2/3/4/5/6/7,
HOF_019,정확,ALWAYS,2/3/4/5/6/7,
HOF_019,인내,ALWAYS,2/3/4/5/6/7,
HOF_019,구위,5회이후,4,
HOF_019,변화,5회이후,4,
HOF_019,구속,5회이후,4,
HOF_019,구위,7회이후,1/2/2/3/3/5,
HOF_019,변화,7회이후,1/2/2/3/3/5,
HOF_019,제구,7회이후,1/2/2/3/3/5,
HOF_020,변화,ALWAYS,2/3/4/5/6/7,
HOF_020,파워,ALWAYS,2/3/4/5/6/7,
HOF_020,정확,ALWAYS,2/3/4/5/6/7,
HOF_020,구위,모드_랭킹대전,4/5/6/7/8/9,
HOF_020,제구,모드_랭킹대전,5/6/7/8/9/10,
HOF_020,변화,모드_클럽,4/5/6/7/8/9,
HOF_020,구속,모드_클럽,5/6/7/8/9/10,
HOF_021,파워,ALWAYS,1/2/4/6/8/9,
HOF_021,정확,ALWAYS,1/2/4/6/8/9,
HOF_021,선구,ALWAYS,1/2/4/6/8/9,
HOF_021,인내,ALWAYS,1/2/4/6/8/9,
HOF_021,구위,모드_리그,2/3/5/5/6/8,
HOF_021,변화,모드_리그,2/3/5/5/6/8,
HOF_021,제구,모드_리그,2/3/5/5/6/8,
HOF_021,구위,모드_리그,1,
HOF_021,변화,모드_리그,1,
HOF_022,파워,ALWAYS,5,
HOF_022,정확,ALWAYS,5,
HOF_022,구위,ALWAYS,0.02/0.02/0.02/0.02/0.02/0.03,변화
HOF_022,변화,ALWAYS,0.02/0.02/0.02/0.02/0.02/0.03,변화
HOF_022,구위,선발1_2,5/5/5/5/6/7,
HOF_022,변화,선발1_2,5/5/5/5/6/7,
HOF_022,제구,선발1_2,5/5/5/5/6/7,
HOF_022,구속,선발1_2,5/5/5/5/6/7,
HOF_023,파워,ALWAYS,4/4/5/5/6/7,
HOF_023,정확,ALWAYS,4/4/5/5/6/7,
HOF_023,구위,선발3_4,3/4/5/5/6/7,
HOF_023,변화,선발3_4,3/4/5/5/6/7,
HOF_023,정확,선발3_4,3/4/5/5/6/7,
HOF_024,구위,ALWAYS,6,
HOF_024,변화,ALWAYS,6,
HOF_024,제구,ALWAYS,6,
HOF_024,구속,ALWAYS,6,
HOF_024,구위,ALWAYS,0.02/0.02/0.02/0.02/0.02/0.03,변화
HOF_024,변화,ALWAYS,0.02/0.02/0.02/0.02/0.02/0.03,변화
HOF_024,파워,ALWAYS,6,
HOF_024,정확,ALWAYS,6,
HOF_025,파워,ALWAYS,4,
HOF_025,정확,ALWAYS,4,
HOF_025,구위,비김또는리드,1/2/3/4/5/6,
HOF_025,변화,비김또는리드,1/2/3/4/5/6,
HOF_025,정확,비김또는리드,1/2/3/4/5/6,
HOF_026,구속,ALWAYS,2/3/4/5/6/7,
HOF_026,구위,ALWAYS,2/3/4/5/6/7,
HOF_026,변화,ALWAYS,2/3/4/5/6/7,
HOF_026,제구,ALWAYS,2/3/4/5/6/7,
HOF_026,지구력,ALWAYS,2/3/4/5/6/7,
HOF_026,수비,ALWAYS,2/3/4/5/6/7,
HOF_026,파워,비김또는열세,4,
HOF_026,정확,비김또는열세,4,
HOF_026,파워,비김또는열세,3/4/5/6/7/8,
HOF_026,정확,비김또는열세,3/4/5/6/7/8,
HOF_027,파워,ALWAYS,2/3/4/5/6/7,
HOF_027,정확,ALWAYS,2/3/4/5/6/7,
HOF_027,선구,ALWAYS,2/3/4/5/6/7,
HOF_027,인내,ALWAYS,2/3/4/5/6/7,
HOF_027,변화,주자있음,6,
HOF_027,제구,주자있음,6,
HOF_027,구위,ALWAYS,1/2/2/3/3/5,
HOF_027,변화,ALWAYS,1/2/2/3/3/5,
HOF_027,구속,ALWAYS,1/2/2/3/3/5,
HOF_028,구위,ALWAYS,1/2/3/4/5/6,
HOF_028,변화,ALWAYS,1/2/3/4/5/6,
HOF_028,제구,ALWAYS,1/2/3/4/5/6,
HOF_028,구위,ALWAYS,0.02,변화
HOF_028,파워,주자없음,4,
HOF_028,정확,주자없음,4,
HOF_028,인내,주자없음,4,
HOF_029,변화,ALWAYS,2/3/4/5/6/7,
HOF_029,구속,ALWAYS,2/3/4/5/6/7,
HOF_029,파워,ALWAYS,2/3/4/5/6/7,
HOF_029,정확,ALWAYS,2/3/4/5/6/7,
HOF_029,인내,ALWAYS,2/3/4/5/6/7,
HOF_029,구속,ALWAYS,2/2/3/4/4/5,
HOF_029,구위,ALWAYS,2/2/3/4/4/5,
HOF_029,변화,ALWAYS,2/2/3/4/4/5,
HOF_029,제구,ALWAYS,2/2/3/4/4/5,
HOF_029,지구력,ALWAYS,2/2/3/4/4/5,
HOF_029,수비,ALWAYS,2/2/3/4/4/5,
HOF_030,파워,ALWAYS,4/4/5/5/6/7,
HOF_030,정확,ALWAYS,4/4/5/5/6/7,
HOF_030,구위,8회이후,4/4/5/5/6/7,
HOF_030,변화,8회이후,4/4/5/5/6/7,
HOF_030,제구,8회이후,4/4/5/5/6/7,
HOF_030,파워,8회이후,3/3/4/4/5/6,
HOF_030,정확,8회이후,3/3/4/4/5/6,
HOF_031,파워,ALWAYS,1/2/3/4/5/6,
HOF_031,정확,ALWAYS,1/2/3/4/5/6,
HOF_031,선구,ALWAYS,1/2/3/4/5/6,
HOF_031,인내,ALWAYS,1/2/3/4/5/6,
HOF_031,주루,ALWAYS,1/2/3/4/5/6,
HOF_031,수비,ALWAYS,1/2/3/4/5/6,
HOF_031,구위,ALWAYS,1/1/1/1/1/2,
HOF_031,변화,ALWAYS,1/1/1/1/1/2,
HOF_032,구속,ALWAYS,3/4/5/6/7/8,
HOF_032,구위,ALWAYS,3/4/5/6/7/8,
HOF_032,변화,ALWAYS,3/4/5/6/7/8,
HOF_032,제구,ALWAYS,3/4/5/6/7/8,
HOF_032,지구력,ALWAYS,3/4/5/6/7/8,
HOF_032,수비,ALWAYS,3/4/5/6/7/8,
HOF_032,구위,OVR열세,8/9/10/11/12/13,
HOF_032,변화,OVR열세,8/9/10/11/12/13,
HOF_032,제구,OVR열세,8/9/10/11/12/13,
HOF_032,구속,OVR열세,8/9/10/11/12/13,
HOF_033,파워,ALWAYS,4,
HOF_033,정확,ALWAYS,4,
HOF_033,구위,ALWAYS,0.02/0.02/0.03/0.03/0.04/0.05,지구력
HOF_033,변화,ALWAYS,0.02/0.02/0.03/0.03/0.04/0.05,지구력
HOF_033,변화,포지션_SP,2/3/5/5/6/7,
HOF_033,제구,포지션_SP,2/3/5/5/6/7,
HOF_033,구속,포지션_SP,2/3/5/5/6/7,
HOF_034,구위,ALWAYS,0.01/0.01/0.02/0.02/0.02/0.03,변화
HOF_034,파워,ALWAYS,4,
HOF_034,정확,ALWAYS,4,
HOF_034,파워,ALWAYS,2/3/4/5/7/8,
HOF_034,정확,ALWAYS,2/3/4/5/7/8,
HOF_035,파워,ALWAYS,3/4/5/6/7/8,
HOF_035,정확,ALWAYS,3/4/5/6/7/8,
HOF_035,선구,ALWAYS,3/4/5/6/7/8,
HOF_035,인내,ALWAYS,3/4/5/6/7/8,
HOF_035,구위,타순6_9+타순8_9,2/3/3/4/4/5,
HOF_035,변화,타순6_9+타순8_9,2/3/3/4/4/5,
HOF_035,제구,타순6_9+타순8_9,2/3/3/4/4/5,
HOF_036,구위,ALWAYS,5,
HOF_036,변화,ALWAYS,5,
HOF_036,파워,ALWAYS,5,
HOF_036,파워,제구>선구,1/2/3/4/5/6,
HOF_036,정확,제구>선구,1/2/3/4/5/6,
HOF_037,구위,ALWAYS,4,
HOF_037,변화,ALWAYS,10/11/12/13/14/15,
HOF_037,파워,변화구선택,5/6/7/8/9/10,
HOF_037,정확,변화구선택,5/6/7/8/9/10,
HOF_037,선구,변화구선택,5/6/7/8/9/10,
HOF_037,정확,ALWAYS,3,
HOF_038,구위,ALWAYS,1/1/2/2/3/4,
HOF_038,변화,ALWAYS,1/1/2/2/3/4,
HOF_038,파워,선발1+7회까지,1/3/5/7/9/11,
HOF_038,정확,선발1+7회까지,1/3/5/7/9/11,
HOF_038,파워,비김또는리드,1/1/2/2/3/4,
HOF_038,정확,비김또는리드,1/1/2/2/3/4,
HOF_039,파워,ALWAYS,3/5/7/9/11/14,
HOF_039,정확,ALWAYS,3/5/7/9/11/14,
HOF_039,선구,ALWAYS,3/5/7/9/11/14,
HOF_039,인내,ALWAYS,3/5/7/9/11/14,
HOF_039,주루,ALWAYS,3/5/7/9/11/14,
HOF_039,수비,ALWAYS,3/5/7/9/11/14,
HOF_040,구속,ALWAYS,3/4/5/6/7/8,
HOF_040,구위,ALWAYS,3/4/5/6/7/8,
HOF_040,변화,ALWAYS,3/4/5/6/7/8,
HOF_040,제구,ALWAYS,3/4/5/6/7/8,
HOF_040,지구력,ALWAYS,3/4/5/6/7/8,
HOF_040,수비,ALWAYS,3/4/5/6/7/8,
HOF_040,파워,좌타상대,3/3/3/3/3/4,
HOF_040,정확,좌타상대,3/3/3/3/3/4,
HOF_040,선구,좌타상대,3/3/3/3/3/4,
HOF_040,인내,좌타상대,3/3/3/3/3/4,
HOF_040,파워,좌완+포지션_SP,3/4/5/6/7/8,
HOF_040,정확,좌완+포지션_SP,3/4/5/6/7/8,
HOF_040,선구,좌완+포지션_SP,3/4/5/6/7/8,
HOF_040,인내,좌완+포지션_SP,3/4/5/6/7/8,
HOF_041,구위,ALWAYS,3/4/5/6/7/8,
HOF_041,변화,ALWAYS,3/4/5/6/7/8,
HOF_041,파워,ALWAYS,3/4/5/6/7/8,
HOF_041,구위,ALWAYS,2/3/4/5/6/7,
HOF_041,변화,ALWAYS,2/3/4/5/6/7,
HOF_042,구위,ALWAYS,3/4/5/6/7/8,
HOF_042,변화,ALWAYS,3/4/5/6/7/8,
HOF_042,파워,스트라이크타격,3/4/5/6/7/8,
HOF_042,파워,ALWAYS,1/2/3/4/5/6,
HOF_042,정확,ALWAYS,1/2/3/4/5/6,
HOF_043,파워,ALWAYS,5/7/9/11/13/16,
HOF_043,정확,ALWAYS,5/7/9/11/13/16,
HOF_043,선구,ALWAYS,5/7/9/11/13/16,
HOF_043,인내,ALWAYS,5/7/9/11/13/16,
HOF_043,주루,ALWAYS,5/7/9/11/13/16,
HOF_043,수비,ALWAYS,5/7/9/11/13/16,
HOF_044,구위,ALWAYS,4/5/6/7/8/9,
HOF_044,변화,ALWAYS,4/5/6/7/8/9,
HOF_044,제구,ALWAYS,4/5/6/7/8/9,
HOF_044,구속,ALWAYS,4/5/6/7/8/9,
HOF_044,구위,포지션_DH,3/5/7/9/11/13,
HOF_044,변화,포지션_DH,3/5/7/9/11/13,
HOF_044,제구,포지션_DH,3/5/7/9/11/13,
HOF_044,구속,포지션_DH,3/5/7/9/11/13,
G_077,파워,ALWAYS,1/2/3/4/5/6/7/8/9,
G_077,정확,ALWAYS,1/2/3/4/5/6/7/8/9,
G_077,인내,ALWAYS,1/2/3/4/5/6/7/8/9,
G_077,구위,원정,2/2/2/2/2/3/4/5/6,
G_077,변화,원정,2/2/2/2/2/3/4/5/6,
G_077,구속,원정,2/2/2/2/2/3/4/5/6,
G_078,구위,ALWAYS,1/2/3/4/5/6/7/8/9,
G_078,변화,ALWAYS,1/2/3/4/5/6/7/8/9,
G_078,지구력,ALWAYS,1/2/3/4/5/6/7/8/9,
G_078,파워,원정,2/2/2/2/2/3/4/5/6,
G_078,정확,원정,2/2/2/2/2/3/4/5/6,
G_078,주루,원정,2/2/2/2/2/3/4/5/6,
HOF_045,파워,ALWAYS,4/5/6/7/8/9,
HOF_045,정확,ALWAYS,4/5/6/7/8/9,
HOF_045,선구,ALWAYS,4/5/6/7/8/9,
HOF_045,구위,스위치타,2/3/4/5/6/7,
HOF_045,변화,스위치타,2/3/4/5/6/7,
HOF_045,구위,타순3,1/2/3/4/5/6,
HOF_045,변화,타순3,1/2/3/4/5/6,
HOF_046,구위,ALWAYS,3/4/5/6/7/8,
HOF_046,변화,ALWAYS,3/4/5/6/7/8,
HOF_046,파워,홈,4/6/8/10/12/14,
HOF_046,정확,홈,4/6/8/10/12/14,
HOF_047,파워,포지션_2B,4/6/6/8/8/10,
HOF_047,정확,포지션_2B,4/6/6/8/8/10,
HOF_047,선구,포지션_2B,4/6/6/8/8/10,
HOF_047,주루,포지션_2B,4/6/6/8/8/10,
HOF_047,구위,좌타,1/2/3/4/5/6,
HOF_047,변화,좌타,1/2/3/4/5/6,
HOF_047,구위,타순2,2/3/4/5/6/7,
HOF_047,변화,타순2,2/3/4/5/6/7,
HOF_048,구위,ALWAYS,1/3/5/7/9/11,
HOF_048,변화,ALWAYS,1/3/5/7/9/11,
HOF_048,구위,모드_랭킹대전+모드_랭킹토너먼트,4/6/8/10/12/14,
HOF_048,변화,모드_랭킹대전+모드_랭킹토너먼트,4/6/8/10/12/14,
HOF_048,구속,모드_랭킹대전+모드_랭킹토너먼트,4/6/8/10/12/14,
HOF_048,제구,모드_랭킹대전+모드_랭킹토너먼트,4/6/8/10/12/14,
HOF_048,지구력,모드_랭킹대전+모드_랭킹토너먼트,4/6/8/10/12/14,
HOF_048,수비,모드_랭킹대전+모드_랭킹토너먼트,4/6/8/10/12/14,
M_045,구위,ALWAYS,10,
M_045,변화,ALWAYS,10,
M_045,파워,타석1,12,
M_045,정확,타석1,12,
M_045,선구,타석1,12,
M_045,인내,타석1,12,
M_045,파워,타석2,10,
M_045,정확,타석2,10,
M_045,선구,타석2,10,
M_045,인내,타석2,10,
M_045,파워,타석3,8,
M_045,정확,타석3,8,
M_045,선구,타석3,8,
M_045,인내,타석3,8,
M_045,파워,타석4,6,
M_045,정확,타석4,6,
M_045,선구,타석4,6,
M_045,인내,타석4,6,
M_045,파워,타석5,4,
M_045,정확,타석5,4,
M_045,선구,타석5,4,
M_045,인내,타석5,4,
M_045,파워,타석6_7,2,
M_045,정확,타석6_7,2,
M_045,선구,타석6_7,2,
M_045,인내,타석6_7,2,
HOF_049,구위,ALWAYS,5/6/7/8/9/10,
HOF_049,변화,ALWAYS,5/6/7/8/9/10,
HOF_049,파워,기본주루수비합155이상,4/5/6/7/8/9,
HOF_049,정확,기본주루수비합155이상,4/5/6/7/8/9,
HOF_049,선구,기본주루수비합155이상,4/5/6/7/8/9,
HOF_049,파워,기본주루수비합165이상,1/2/3/4/5/6,
HOF_049,정확,기본주루수비합165이상,1/2/3/4/5/6,
HOF_049,선구,기본주루수비합165이상,1/2/3/4/5/6,
